ident,gtdb_representative,superkingdom,phylum,class,order,family,genus,species
GCF_000485535.1,f,d__Archaea,p__Halobacteriota,c__Halobacteria,o__Halobacteriales,f__Halalkalicoccaceae,g__Halalkalicoccus,s__Halalkalicoccus jeotgali
GCA_030638685.1,t,d__Archaea,p__Asgardarchaeota,c__Heimdallarchaeia,o__Heimdallarchaeales,f__DAOWED01,g__DAOWED01,s__DAOWED01 sp030638685
GCA_003163595.1,f,d__Archaea,p__Halobacteriota,c__Bog-38,o__Bog-38,f__Bog-38,g__Bog-38,s__Bog-38 sp003139855
GCA_002782805.1,f,d__Archaea,p__Aenigmatarchaeota,c__Aenigmatarchaeia,o__CG10238-14,f__CG10238-14,g__CG10238-14,s__CG10238-14 sp002789635
GCA_939800415.1,f,d__Archaea,p__Halobacteriota,c__Methanomicrobia,o__Methanomicrobiales,f__Methanocorpusculaceae,g__Methanocorpusculum,s__Methanocorpusculum faecipullorum
GCA_002508335.1,f,d__Archaea,p__Thermoplasmatota,c__Thermoplasmata,o__Thermoplasmatales,f__Thermoplasmataceae,g__Cuniculiplasma,s__Cuniculiplasma divulgatum
GCA_002498625.1,f,d__Archaea,p__Thermoplasmatota,c__Poseidoniia,o__Poseidoniales,f__Thalassarchaeaceae,g__UBA36,s__UBA36 sp002506755
GCA_030446425.1,f,d__Archaea,p__Halobacteriota,c__Methanosarcinia,o__Methanosarcinales_A,f__Methermicoccaceae,g__Methermicoccus,s__Methermicoccus shengliensis
GCF_003385755.1,f,d__Archaea,p__Methanobacteriota,c__Methanobacteria,o__Methanobacteriales,f__Methanothermobacteraceae,g__Methanothermobacter,s__Methanothermobacter thermautotrophicus
GCA_021654395.1,t,d__Archaea,p__Micrarchaeota,c__Micrarchaeia,o__Micrarchaeales,f__Micrarchaeaceae,g__ARM-1,s__ARM-1 sp021654395
GCA_000402965.1,f,d__Archaea,p__Thermoproteota,c__Nitrososphaeria_A,o__Caldarchaeales,f__Calditenuaceae,g__AWOC01,s__AWOC01 sp000494185
GCF_000328665.1,t,d__Archaea,p__Halobacteriota,c__Methanosarcinia,o__Methanosarcinales,f__Methanosarcinaceae,g__Methanomethylovorans,s__Methanomethylovorans hollandica
GCA_030861865.1,t,d__Archaea,p__Thermoproteota,c__Nitrososphaeria,o__Nitrososphaerales,f__Nitrososphaeraceae,g__Nitrososphaera,s__Nitrososphaera sp030861865
GCA_027374575.1,f,d__Archaea,p__Nanoarchaeota,c__Nanoarchaeia,o__Woesearchaeales,f__UBA9642,g__UBA9642,s__UBA9642 sp021813435
GCA_011771385.1,f,d__Archaea,p__Thermoproteota,c__Nitrososphaeria,o__Nitrososphaerales,f__Nitrosopumilaceae,g__JACEMX01,s__JACEMX01 sp011773785
GCA_005881615.1,t,d__Archaea,p__Thermoproteota,c__Bathyarchaeia,o__40CM-2-53-6,f__40CM-2-53-6,g__40CM-2-53-6,s__40CM-2-53-6 sp005881615
GCA_027380485.1,f,d__Archaea,p__Thermoplasmatota,c__Thermoplasmata,o__Thermoplasmatales,f__Thermoplasmataceae,g__JAKAFX01,s__JAKAFX01 sp021802055
GCA_027363475.1,f,d__Archaea,p__Micrarchaeota,c__Micrarchaeia,o__Micrarchaeales,f__CABMGC01,g__JAKBQS01,s__JAKBQS01 sp021850805
GCA_027448225.1,f,d__Archaea,p__Thermoplasmatota,c__Thermoplasmata,o__Thermoplasmatales,f__Thermoplasmataceae,g__JAKAYB01,s__JAKAYB01 sp021826925
GCA_021833105.1,f,d__Archaea,p__Thermoplasmatota,c__Thermoplasmata,o__UBA184,f__UBA184,g__UBA184,s__UBA184 sp021821785
GCA_027046105.1,t,d__Archaea,p__Thermoproteota,c__Thermoprotei_A,o__Sulfolobales,f__Pyrodictiaceae,g__JALTZQ01,s__JALTZQ01 sp027046105
GCA_015522885.1,t,d__Archaea,p__Thermoplasmatota,c__Thermoplasmata,o__WALJ01,f__WALJ01,g__WALJ01,s__WALJ01 sp015522885
GCA_027374535.1,f,d__Archaea,p__Thermoplasmatota,c__Thermoplasmata,o__Sysuiplasmatales,f__Sysuiplasmataceae,g__Sysuiplasma,s__Sysuiplasma jiujiangense
GCA_027366715.1,f,d__Archaea,p__Thermoplasmatota,c__Thermoplasmata,o__Thermoplasmatales,f__Thermoplasmataceae,g__Cuniculiplasma,s__Cuniculiplasma divulgatum
GCA_027368205.1,f,d__Archaea,p__Thermoplasmatota,c__Thermoplasmata,o__Thermoplasmatales,f__Thermoplasmataceae,g__B-DKE,s__B-DKE sp021792655
GCA_016784085.1,t,d__Archaea,p__Nanoarchaeota,c__Nanoarchaeia,o__Pacearchaeales,f__GW2011-AR1,g__BS150m-G67,s__BS150m-G67 sp016784085
GCA_016187405.1,t,d__Archaea,p__Aenigmatarchaeota,c__Aenigmatarchaeia,o__CG10238-14,f__SCSR01,g__JACPJS01,s__JACPJS01 sp016187405
GCF_004104135.1,f,d__Archaea,p__Halobacteriota,c__Methanosarcinia,o__Methanosarcinales,f__Methanosarcinaceae,g__Methanohalophilus,s__Methanohalophilus euhalobius
GCA_938091495.1,t,d__Archaea,p__Thermoproteota,c__Nitrososphaeria,o__Nitrososphaerales,f__JACAEJ01,g__JACAEJ01,s__JACAEJ01 sp938091495
GCA_030045775.1,f,d__Archaea,p__Thermoplasmatota,c__Thermoplasmata,o__UBA184,f__UBA184,g__UBA184,s__UBA184 sp030040865
GCA_021831945.1,f,d__Archaea,p__Thermoplasmatota,c__Thermoplasmata,o__UBA184,f__UBA184,g__JAKATE01,s__JAKATE01 sp021828085
GCA_028099745.1,f,d__Archaea,p__Thermoplasmatota,c__Poseidoniia,o__Poseidoniales,f__Poseidoniaceae,g__MGIIa-L1,s__MGIIa-L1 sp002506275
GCA_027038505.1,t,d__Archaea,p__EX4484-52,c__EX4484-52,o__EX4484-52,f__WAPT01,g__WAPT01,s__WAPT01 sp027038505
GCF_900110215.1,t,d__Archaea,p__Halobacteriota,c__Halobacteria,o__Halobacteriales,f__Haloarculaceae,g__Halorientalis,s__Halorientalis persicus
GCA_005882885.1,f,d__Archaea,p__Thermoproteota,c__Bathyarchaeia,o__40CM-2-53-6,f__40CM-2-53-6,g__40CM-2-53-6,s__40CM-2-53-6 sp005882895
GCF_001560405.1,f,d__Archaea,p__Thermoproteota,c__Thermoprotei_A,o__Sulfolobales,f__Sulfolobaceae,g__Sulfolobus,s__Sulfolobus acidocaldarius
GCA_002499025.1,f,d__Archaea,p__Halobacteriota,c__Methanomicrobia,o__Methanomicrobiales,f__Methanospirillaceae,g__Methanoregula,s__Methanoregula sp002502245
GCA_022451825.1,f,d__Archaea,p__Thermoplasmatota,c__Poseidoniia,o__Poseidoniales,f__Poseidoniaceae,g__MGIIa-K1,s__MGIIa-K1 sp902563095
GCA_013425425.1,t,d__Archaea,p__Micrarchaeota,c__Micrarchaeia,o__Anstonellales,f__Bilamarchaeaceae,g__JACCLJ01,s__JACCLJ01 sp013425425
GCA_009778275.1,t,d__Archaea,p__Thermoplasmatota,c__Thermoplasmata,o__Methanomassiliicoccales,f__Methanomethylophilaceae,g__Methanoplasma,s__Methanoplasma sp009778275
GCA_018302685.1,t,d__Archaea,p__Nanoarchaeota,c__Nanoarchaeia,o__SCGC-AAA011-G17,f__GW2011-AR20,g__JAGVZK01,s__JAGVZK01 sp018302685
GCA_027387185.1,f,d__Archaea,p__Thermoplasmatota,c__Thermoplasmata,o__UBA184,f__UBA184,g__JAJYEA01,s__JAJYEA01 sp021796385
GCA_023246445.1,t,d__Archaea,p__Nanoarchaeota,c__Nanoarchaeia,o__SCGC-AAA011-G17,f__JACQNH01,g__JACQNH01,s__JACQNH01 sp023246445
GCA_013538675.1,t,d__Archaea,p__Thermoproteota,c__Nitrososphaeria,o__Nitrososphaerales,f__Nitrosocaldaceae,g__Nitrosocaldus,s__Nitrosocaldus tengchongensis
GCF_000337675.1,t,d__Archaea,p__Halobacteriota,c__Halobacteria,o__Halobacteriales,f__Natrialbaceae,g__Natronococcus,s__Natronococcus amylolyticus
GCA_002719815.1,t,d__Archaea,p__Thermoplasmatota,c__Poseidoniia,o__Poseidoniales,f__Poseidoniaceae,g__MGIIa-L2,s__MGIIa-L2 sp002719815
GCA_027380595.1,f,d__Archaea,p__Thermoplasmatota,c__Thermoplasmata,o__Thermoplasmatales,f__Thermoplasmataceae,g__JAMDBT01,s__JAMDBT01 sp021803655
GCA_021829835.1,t,d__Archaea,p__Micrarchaeota,c__Micrarchaeia,o__Micrarchaeales,f__CABMGC01,g__JAJZIZ01,s__JAJZIZ01 sp021829835
GCF_030848565.1,t,d__Archaea,p__Halobacteriota,c__Halobacteria,o__Halobacteriales,f__Natrialbaceae,g__Natronolimnohabitans,s__Natronolimnohabitans sp030848565
GCA_023252445.1,f,d__Archaea,p__Thermoproteota,c__Nitrososphaeria_A,o__Caldarchaeales,f__Wolframiiraptoraceae,g__Wolframiiraptor,s__Wolframiiraptor sinensis
GCF_000632495.1,t,d__Archaea,p__Thermoproteota,c__Thermoprotei_A,o__Sulfolobales,f__Sulfolobaceae,g__Acidianus,s__Acidianus copahuensis
GCA_020028975.1,f,d__Archaea,p__Thermoproteota,c__Nitrososphaeria,o__Nitrososphaerales,f__Nitrososphaeraceae,g__TA-21,s__TA-21 sp014523495
GCA_001560915.1,t,d__Archaea,p__Thermoplasmatota,c__Thermoplasmata,o__Methanomassiliicoccales,f__Methanomethylophilaceae,g__Methanomethylophilus,s__Methanomethylophilus sp001560915
GCF_000828555.1,f,d__Archaea,p__Methanobacteriota_A,c__Methanococci,o__Methanococcales,f__Methanococcaceae,g__Methanococcus,s__Methanococcus maripaludis
GCF_001541925.1,t,d__Archaea,p__Thermoproteota,c__Nitrososphaeria,o__Nitrososphaerales,f__Nitrosopumilaceae,g__Nitrosopumilus,s__Nitrosopumilus sp001541925
GCF_025992335.1,f,d__Archaea,p__Methanobacteriota,c__Methanobacteria,o__Methanobacteriales,f__Methanobacteriaceae,g__Methanobrevibacter_A,s__Methanobrevibacter_A smithii
GCA_019323575.1,t,d__Archaea,p__Nanoarchaeota,c__Nanoarchaeia,o__Woesearchaeales,f__ARS49,g__CABMGU01,s__CABMGU01 sp019323575
GCA_029784825.1,t,d__Archaea,p__Thermoproteota,c__Nitrososphaeria,o__Nitrososphaerales,f__UBA183,g__UBA183,s__UBA183 sp029784825
GCA_000746685.1,f,d__Archaea,p__Thermoproteota,c__Nitrososphaeria,o__Nitrososphaerales,f__Nitrosopumilaceae,g__Nitrosopumilus,s__Nitrosopumilus sp000746765
GCA_902578515.1,t,d__Archaea,p__Thermoproteota,c__Nitrososphaeria,o__Nitrososphaerales,f__Nitrosopumilaceae,g__Nitrosopelagicus,s__Nitrosopelagicus sp902578515
GCA_030638275.1,f,d__Archaea,p__Nanoarchaeota,c__Nanoarchaeia,o__Woesearchaeales,f__BS150m-G63,g__JAGLOT01,s__JAGLOT01 sp023137655
GCA_005504395.1,f,d__Archaea,p__Halobacteriota,c__Methanosarcinia,o__Methanosarcinales,f__Methanocomedenaceae,g__Methanomarinus,s__Methanomarinus sp002926195
GCA_013331535.1,t,d__Archaea,p__Micrarchaeota,c__Micrarchaeia,o__Anstonellales,f__Bilamarchaeaceae,g__UBA10214,s__UBA10214 sp10214u
GCA_021852055.1,t,d__Archaea,p__Micrarchaeota,c__Micrarchaeia,o__Micrarchaeales,f__CABMGC01,g__JAJZOD01,s__JAJZOD01 sp021852055
GCA_003056285.1,t,d__Archaea,p__Thermoproteota,c__Nitrososphaeria_A,o__Caldarchaeales,f__Wolframiiraptoraceae,g__Terraquivivens,s__Terraquivivens tikiterensis
GCF_001723155.1,f,d__Archaea,p__Halobacteriota,c__Halobacteria,o__Halobacteriales,f__Haladaptataceae,g__Haladaptatus,s__Haladaptatus paucihalophilus
GCA_030042955.1,t,d__Archaea,p__Thermoplasmatota,c__Thermoplasmata,o__UBA184,f__UBA184,g__UBA184,s__UBA184 sp030042955
GCA_013330385.1,t,d__Archaea,p__Thermoplasmatota,c__Poseidoniia,o__Poseidoniales,f__Thalassarchaeaceae,g__MGIIb-O1,s__MGIIb-O1 sp12570u
GCA_004332335.1,t,d__Archaea,p__Halobacteriota,c__Methanomicrobia,o__Methanomicrobiales,f__Methanospirillaceae,g__UBA288,s__UBA288 sp004332335
GCA_028700035.1,f,d__Archaea,p__Halobacteriota,c__Methanomicrobia,o__Methanomicrobiales,f__Methanomicrobiaceae,g__Methanomicrobium,s__Methanomicrobium antiquum
GCA_028276535.1,f,d__Archaea,p__Thermoproteota,c__Thermoprotei,o__Thermofilales,f__Thermofilaceae,g__JANXEW01,s__JANXEW01 sp028275925
GCA_902576965.1,f,d__Archaea,p__Thermoplasmatota,c__Poseidoniia,o__Poseidoniales,f__Thalassarchaeaceae,g__UBA36,s__UBA36 sp001629235
GCA_022865445.1,t,d__Archaea,p__Thermoplasmatota,c__Thermoplasmata,o__UBA10834,f__UBA10834,g__COMBO-56-21,s__COMBO-56-21 sp022865445
GCA_020029125.1,f,d__Archaea,p__Thermoproteota,c__Nitrososphaeria,o__Nitrososphaerales,f__Nitrososphaeraceae,g__TA-21,s__TA-21 sp014523495
GCA_027379375.1,f,d__Archaea,p__Thermoplasmatota,c__Thermoplasmata,o__Sysuiplasmatales,f__Sysuiplasmataceae,g__JAJZXY01,s__JAJZXY01 sp021817225
GCA_015521175.1,t,d__Archaea,p__Thermoproteota,c__Thermoprotei_A,o__Sulfolobales,f__Acidilobaceae,g__JAADGB01,s__JAADGB01 sp015521175
GCA_030539765.1,f,d__Archaea,p__Halobacteriota,c__Methanosarcinia,o__Methanosarcinales,f__Methanosarcinaceae,g__Methanosarcina,s__Methanosarcina mazei
GCA_027338625.1,f,d__Archaea,p__Nanoarchaeota,c__Nanoarchaeia,o__Parvarchaeales,f__Parvarchaeaceae,g__Parvarchaeum,s__Parvarchaeum sp021794235
GCA_021797525.1,t,d__Archaea,p__Thermoplasmatota,c__Thermoplasmata,o__Thermoplasmatales,f__Thermoplasmataceae,g__UBA447,s__UBA447 sp021797525
GCA_002501845.1,t,d__Archaea,p__Thermoproteota,c__Nitrososphaeria,o__Nitrososphaerales,f__Nitrososphaeraceae,g__Nitrososphaera,s__Nitrososphaera sp002501845
GCA_028706745.1,t,d__Archaea,p__Nanoarchaeota,c__Nanoarchaeia,o__SCGC-AAA011-G17,f__GW2011-AR17,g__UBA9640,s__UBA9640 sp028706745
GCA_022257715.1,f,d__Archaea,p__Aenigmatarchaeota,c__Aenigmatarchaeia,o__PWEA01,f__PWEA01,g__PWEA01,s__PWEA01 sp003550625
GCA_027329245.1,f,d__Archaea,p__Micrarchaeota,c__Micrarchaeia,o__Micrarchaeales,f__Micrarchaeaceae,g__JAJYXL01,s__JAJYXL01 sp021801785
GCF_901111125.1,f,d__Archaea,p__Methanobacteriota,c__Methanobacteria,o__Methanobacteriales,f__Methanobacteriaceae,g__Methanobrevibacter_A,s__Methanobrevibacter_A smithii
GCA_002503675.1,f,d__Archaea,p__Thermoplasmatota,c__Poseidoniia,o__Poseidoniales,f__Thalassarchaeaceae,g__MGIIb-N2,s__MGIIb-N2 sp002712285
GCA_027315805.1,f,d__Archaea,p__Thermoplasmatota,c__Thermoplasmata,o__UBA184,f__UBA184,g__UBA184,s__UBA184 sp021828715
GCA_026394995.1,t,d__Archaea,p__Nanoarchaeota,c__Nanoarchaeia,o__SCGC-AAA011-G17,f__JAPLZO01,g__JAPLZO01,s__JAPLZO01 sp026394995
GCA_013287585.1,t,d__Archaea,p__Thermoproteota,c__Nitrososphaeria,o__Nitrososphaerales,f__Nitrosopumilaceae,g__TA-20,s__TA-20 sp013287585
GCA_027381955.1,f,d__Archaea,p__Thermoplasmatota,c__Thermoplasmata,o__UBA184,f__UBA184,g__JAJYEA01,s__JAJYEA01 sp021809545
GCF_002214565.1,t,d__Archaea,p__Methanobacteriota_B,c__Thermococci,o__Thermococcales,f__Thermococcaceae,g__Thermococcus,s__Thermococcus radiotolerans
GCF_002156965.1,t,d__Archaea,p__Thermoproteota,c__Nitrososphaeria,o__Nitrososphaerales,f__Nitrosopumilaceae,g__Nitrosopumilus,s__Nitrosopumilus catalinensis
GCA_027342585.1,f,d__Archaea,p__Micrarchaeota,c__Micrarchaeia,o__Micrarchaeales,f__CABMGC01,g__JAKAUU01,s__JAKAUU01 sp021817505
GCA_021785805.1,t,d__Archaea,p__Micrarchaeota,c__Micrarchaeia,o__Micrarchaeales,f__Micrarchaeaceae,g__JAJZYD01,s__JAJZYD01 sp021785805
GCF_945868105.1,f,d__Archaea,p__Methanobacteriota,c__Methanobacteria,o__Methanobacteriales,f__Methanobacteriaceae,g__Methanobrevibacter,s__Methanobrevibacter ruminantium_A
GCA_018672335.1,f,d__Archaea,p__Nanoarchaeota,c__Nanoarchaeia,o__Woesearchaeales,f__JABIAG01,g__JABIAG01,s__JABIAG01 sp018653365
GCA_028715885.1,t,d__Archaea,p__Halobacteriota,c__Methanosarcinia,o__Methanosarcinales,f__Methanoperedenaceae,g__Methanoperedens,s__Methanoperedens sp028715885
GCA_018648425.1,f,d__Archaea,p__Thermoplasmatota,c__Poseidoniia,o__Poseidoniales,f__Thalassarchaeaceae,g__MGIIb-O2,s__MGIIb-O2 sp002499785
GCA_018650605.1,f,d__Archaea,p__Nanoarchaeota,c__Nanoarchaeia,o__Woesearchaeales,f__GW2011-AR9,g__1-14-0-10-32-24,s__1-14-0-10-32-24 sp018655525
GCA_026414015.1,f,d__Archaea,p__Thermoproteota,c__Thermoprotei_A,o__Sulfolobales,f__Ignisphaeraceae,g__Ignisphaera,s__Ignisphaera sp025058535
GCA_027375195.1,f,d__Archaea,p__Thermoplasmatota,c__Thermoplasmata,o__Thermoplasmatales,f__Thermoplasmataceae,g__Ferroplasma,s__Ferroplasma sp002505185
GCA_024167805.1,t,d__Archaea,p__Methanobacteriota,c__Methanobacteria,o__Methanobacteriales,f__Methanobacteriaceae,g__Methanobacterium_B,s__Methanobacterium_B sp024167805
GCA_018238705.1,f,d__Archaea,p__Asgardarchaeota,c__Lokiarchaeia,o__Sigynarchaeales,f__SOKP01,g__SOKP01,s__SOKP01 sp018238625
GCA_021811435.1,t,d__Archaea,p__Micrarchaeota,c__Micrarchaeia,o__Micrarchaeales,f__Micrarchaeaceae,g__JAKATK01,s__JAKATK01 sp021811435
GCF_900316895.1,t,d__Archaea,p__Methanobacteriota,c__Methanobacteria,o__Methanobacteriales,f__Methanobacteriaceae,g__Methanobrevibacter_A,s__Methanobrevibacter_A sp900316895
GCA_030752695.1,f,d__Archaea,p__Thermoplasmatota,c__Poseidoniia,o__Poseidoniales,f__Thalassarchaeaceae,g__UBA36,s__UBA36 sp002722735
GCA_013329045.1,t,d__Archaea,p__Nanoarchaeota,c__Nanoarchaeia,o__Woesearchaeales,f__UBA9989,g__UBA9989,s__UBA9989 sp9989u
GCA_015523325.1,t,d__Archaea,p__Micrarchaeota,c__Micrarchaeia,o__Anstonellales,f__J096,g__WAKO01,s__WAKO01 sp015523325
GCA_029883255.1,t,d__Archaea,p__Thermoproteota,c__Bathyarchaeia,o__Bathyarchaeales,f__Bathyarchaeaceae,g__SOJZ01,s__SOJZ01 sp029883255
GCA_013306035.1,t,d__Archaea,p__Thermoproteota,c__Nitrososphaeria,o__Nitrososphaerales,f__UBA57,g__UBA57,s__UBA57 sp002494565
GCA_014523525.1,t,d__Archaea,p__Thermoproteota,c__Nitrososphaeria,o__Nitrososphaerales,f__Nitrososphaeraceae,g__TA-21,s__TA-21 sp014523525
GCA_027375715.1,f,d__Archaea,p__Thermoplasmatota,c__Thermoplasmata,o__Thermoplasmatales,f__Thermoplasmataceae,g__Ferroplasma,s__Ferroplasma sp021797735
GCA_031282985.1,t,d__Archaea,p__Thermoproteota,c__Bathyarchaeia,o__Bathyarchaeales,f__UBA233,g__Termiticorpusculum,s__Termiticorpusculum sp031282985
GCA_023379905.1,f,d__Archaea,p__Thermoplasmatota,c__Thermoplasmata,o__Thermoplasmatales,f__GCA-001856825,g__GCA-001856825,s__GCA-001856825 sp021827945
GCA_027048375.1,f,d__Archaea,p__Thermoproteota,c__Thermoprotei_A,o__Sulfolobales,f__WAQK01,g__WAQK01,s__WAQK01 sp015520265
GCA_016839045.1,f,d__Archaea,p__Methanobacteriota,c__Methanobacteria,o__Methanobacteriales,f__Methanobacteriaceae,g__Methanobrevibacter,s__Methanobrevibacter sp016838945
GCA_020855015.1,t,d__Archaea,p__Methanobacteriota,c__Methanobacteria,o__Methanobacteriales,f__Methanobacteriaceae,g__Methanobacterium,s__Methanobacterium sp020855015
GCA_001593875.1,t,d__Archaea,p__Thermoproteota,c__Bathyarchaeia,o__TCS64,f__B23,g__B23,s__B23 sp001593875
GCA_002495685.1,t,d__Archaea,p__Methanobacteriota,c__Methanobacteria,o__Methanobacteriales,f__Methanobacteriaceae,g__UBA412,s__UBA412 sp002495685
GCA_002725315.1,t,d__Archaea,p__Thermoplasmatota,c__Poseidoniia,o__Poseidoniales,f__Thalassarchaeaceae,g__UBA36,s__UBA36 sp002725315
GCA_027491755.1,f,d__Archaea,p__Thermoproteota,c__Korarchaeia,o__Korarchaeales,f__Korarchaeaceae,g__WALU01,s__WALU01 sp027491485
GCF_001560515.1,f,d__Archaea,p__Thermoproteota,c__Thermoprotei_A,o__Sulfolobales,f__Sulfolobaceae,g__Sulfolobus,s__Sulfolobus acidocaldarius
GCA_021835505.1,f,d__Archaea,p__Thermoplasmatota,c__Thermoplasmata,o__Thermoplasmatales,f__Thermoplasmataceae,g__JAJZOM01,s__JAJZOM01 sp021817455
GCA_013329035.1,f,d__Archaea,p__Nanoarchaeota,c__Nanoarchaeia,o__SCGC-AAA011-G17,f__GW2011-AR17,g__GW2011-AR17,s__GW2011-AR17 sp10136u
GCA_029232205.1,t,d__Archaea,p__Nanohaloarchaeota,c__Nanosalinia,o__Nanosalinales,f__Nanosalinaceae,g__M3-22,s__M3-22 sp029232205
GCA_018221085.1,t,d__Archaea,p__Nanoarchaeota,c__Nanoarchaeia,o__Woesearchaeales,f__GW2011-AR9,g__JAAOXZ01,s__JAAOXZ01 sp018221085
GCA_019322455.1,t,d__Archaea,p__Nanoarchaeota,c__Nanoarchaeia,o__Woesearchaeales,f__WJKL01,g__JAHWIB01,s__JAHWIB01 sp019322455
GCF_023566055.1,t,d__Archaea,p__Halobacteriota,c__Halobacteria,o__Halobacteriales,f__Natrialbaceae,g__Halosolutus,s__Halosolutus amylolyticus
GCA_027370255.1,f,d__Archaea,p__Nanoarchaeota,c__Nanoarchaeia,o__Parvarchaeales,f__Parvarchaeaceae,g__JAJZLM01,s__JAJZLM01 sp021802105
GCA_027376295.1,f,d__Archaea,p__Thermoplasmatota,c__Thermoplasmata,o__UBA184,f__UBA184,g__JAJYEA01,s__JAJYEA01 sp021809545
GCA_024461175.1,f,d__Archaea,p__Thermoproteota,c__Methanomethylicia,o__Methanomethylicales,f__Methanomethylicaceae,g__WYZ-LMO11,s__WYZ-LMO11 sp004348015
GCA_030699005.1,t,d__Archaea,p__Nanoarchaeota,c__Nanoarchaeia,o__Pacearchaeales,f__GW2011-AR1,g__GW2011-AR1,s__GW2011-AR1 sp030699005
GCF_003431325.1,t,d__Archaea,p__Thermoproteota,c__Thermoprotei_A,o__Sulfolobales,f__Acidilobaceae,g__Acidilobus,s__Acidilobus sp003431325
GCF_900114455.1,t,d__Archaea,p__Halobacteriota,c__Halobacteria,o__Halobacteriales,f__Haloferacaceae,g__Halogranum,s__Halogranum rubrum
GCA_027338185.1,f,d__Archaea,p__Micrarchaeota,c__Micrarchaeia,o__Micrarchaeales,f__Micrarchaeaceae,g__JAJZAB01,s__JAJZAB01 sp021799635
GCA_015523395.1,f,d__Archaea,p__Hydrothermarchaeota,c__Hydrothermarchaeia,o__Hydrothermarchaeales,f__BMS3B,g__JAADFH01,s__JAADFH01 sp015521945
GCA_030626525.1,f,d__Archaea,p__Asgardarchaeota,c__Heimdallarchaeia,o__Heimdallarchaeales,f__Heimdallarchaeaceae,g__18H4-34,s__18H4-34 sp023705985
GCA_002504495.1,t,d__Archaea,p__Thermoplasmatota,c__Thermoplasmata,o__Methanomassiliicoccales,f__Methanomethylophilaceae,g__UBA71,s__UBA71 sp002504495
GCA_028355015.1,t,d__Archaea,p__Thermoplasmatota,c__Poseidoniia,o__Poseidoniales,f__Thalassarchaeaceae,g__MGIIb-O2,s__MGIIb-O2 sp002494975
GCA_015063285.1,t,d__Archaea,p__Thermoplasmatota,c__Thermoplasmata,o__Methanomassiliicoccales,f__Methanomethylophilaceae,g__UBA71,s__UBA71 sp015063285
GCA_027357005.1,f,d__Archaea,p__Nanoarchaeota,c__Nanoarchaeia,o__Parvarchaeales,f__Parvarchaeaceae,g__Parvarchaeum,s__Parvarchaeum tengchongense
GCA_027323125.1,f,d__Archaea,p__Micrarchaeota,c__Micrarchaeia,o__Micrarchaeales,f__Micrarchaeaceae,g__JAJZDT01,s__JAJZDT01 sp021828705
GCA_027016965.1,t,d__Archaea,p__Halobacteriota,c__Archaeoglobi,o__Archaeoglobales,f__Archaeoglobaceae,g__Geoglobus,s__Geoglobus sp027016965
GCA_026015035.1,t,d__Archaea,p__Thermoproteota,c__Bathyarchaeia,o__RBG-16-48-13,f__GCA-020355125,g__DAOVBJ01,s__DAOVBJ01 sp026015035
GCA_022750155.1,t,d__Archaea,p__Thermoplasmatota,c__Thermoplasmata,o__UBA184,f__UBA184,g__UBA184,s__UBA184 sp022750155
GCA_030747225.1,f,d__Archaea,p__Thermoplasmatota,c__Poseidoniia,o__MGIII,f__CG-Epi1,g__UBA8886,s__UBA8886 sp002687355
GCA_028343215.1,t,d__Archaea,p__Thermoproteota,c__Nitrososphaeria,o__Nitrososphaerales,f__Nitrosopumilaceae,g__Nitrosopelagicus,s__Nitrosopelagicus sp028343215
GCF_024362405.1,t,d__Archaea,p__Halobacteriota,c__Halobacteria,o__Halobacteriales,f__Haloarculaceae,g__Halosegnis,s__Halosegnis litoreus
GCA_027459265.1,f,d__Archaea,p__Thermoplasmatota,c__Thermoplasmata,o__UBA184,f__UBA184,g__JAKAAX01,s__JAKAAX01 sp021802125
GCA_027374215.1,f,d__Archaea,p__Thermoplasmatota,c__Thermoplasmata,o__Sysuiplasmatales,f__Sysuiplasmataceae,g__Sysuiplasma,s__Sysuiplasma acidicola
GCA_028700135.1,f,d__Archaea,p__Thermoplasmatota,c__Thermoplasmata,o__Methanomassiliicoccales,f__Methanomethylophilaceae,g__VadinCA11,s__VadinCA11 sp002498365
GCA_018667715.1,f,d__Archaea,p__Thermoproteota,c__Nitrososphaeria,o__Nitrososphaerales,f__Nitrosopumilaceae,g__Nitrosopumilus,s__Nitrosopumilus sp018668425
GCF_013761165.1,f,d__Archaea,p__Methanobacteriota_A,c__Methanococci,o__Methanococcales,f__Methanococcaceae,g__Methanococcus,s__Methanococcus maripaludis
GCA_030746875.1,f,d__Archaea,p__Thermoplasmatota,c__Poseidoniia,o__Poseidoniales,f__Thalassarchaeaceae,g__MGIIb-Q1,s__MGIIb-Q1 sp002685895
GCA_017608525.1,t,d__Archaea,p__Nanoarchaeota,c__Nanoarchaeia,o__SCGC-AAA011-G17,f__GW2011-AR17,g__JAFCFS01,s__JAFCFS01 sp017608525
GCA_028279595.1,t,d__Archaea,p__Thermoplasmatota,c__JAKEGO01,o__JAKEGO01,f__JAKEGO01,g__JANQNK01,s__JANQNK01 sp028279595
GCF_008709555.1,t,d__Archaea,p__Thermoplasmatota,c__Thermoplasmata,o__Thermoplasmatales,f__Thermoplasmataceae,g__Thermoplasma,s__Thermoplasma sp008709555
GCA_009903405.1,t,d__Archaea,p__Halobacteriota,c__Syntropharchaeia,o__Alkanophagales,f__Methanospirareceae,g__QENH01,s__QENH01 sp009903405
GCA_025457865.1,t,d__Archaea,p__Thermoplasmatota,c__EX4484-6,o__EX4484-6,f__EX4484-6,g__JALOTP01,s__JALOTP01 sp025457865
GCA_027319935.1,f,d__Archaea,p__Micrarchaeota,c__Micrarchaeia,o__Micrarchaeales,f__Micrarchaeaceae,g__JAKARM01,s__JAKARM01 sp021822165
GCA_027306685.1,f,d__Archaea,p__Thermoplasmatota,c__Thermoplasmata,o__Thermoplasmatales,f__Thermoplasmataceae,g__B-DKE,s__B-DKE sp021793945
GCA_902158745.1,t,d__Archaea,p__Halobacteriota,c__Methanoliparia,o__Methanoliparales,f__Methanoliparaceae,g__Methanolliviera,s__Methanolliviera sp902158745
GCA_031277345.1,t,d__Archaea,p__Thermoproteota,c__Bathyarchaeia,o__Bathyarchaeales,f__UBA233,g__Termiticorpusculum,s__Termiticorpusculum sp031277345
GCA_004195655.1,f,d__Archaea,p__Thermoplasmatota,c__Poseidoniia,o__MGIII,f__CG-Epi1,g__UBA8886,s__UBA8886 sp002731655
GCA_028700095.1,t,d__Archaea,p__Methanobacteriota,c__Methanobacteria,o__Methanobacteriales,f__Methanobacteriaceae,g__Methanobacterium_B,s__Methanobacterium_B sp028700095
GCA_027380655.1,f,d__Archaea,p__Thermoplasmatota,c__Thermoplasmata,o__Thermoplasmatales,f__Thermoplasmataceae,g__JAKAFX01,s__JAKAFX01 sp021817735
GCA_027351905.1,f,d__Archaea,p__Micrarchaeota,c__Micrarchaeia,o__Micrarchaeales,f__Micrarchaeaceae,g__JAJZVQ01,s__JAJZVQ01 sp021845575
GCF_002067035.1,t,d__Archaea,p__Halobacteriota,c__Methanomicrobia,o__Methanomicrobiales,f__Methanospirillaceae,g__Methanoregula,s__Methanoregula sp002067035
GCA_027051235.1,f,d__Archaea,p__Hydrothermarchaeota,c__Hydrothermarchaeia,o__Hydrothermarchaeales,f__BMS3B,g__Pyrohabitans,s__Pyrohabitans sp015521615
GCA_902511005.1,t,d__Archaea,p__Thermoplasmatota,c__Poseidoniia,o__Poseidoniales,f__Thalassarchaeaceae,g__MGIIb-O2,s__MGIIb-O2 sp902511005
GCF_026013925.1,f,d__Archaea,p__Halobacteriota,c__Halobacteria,o__Halobacteriales,f__Haloarculaceae,g__Halocatena,s__Halocatena marina
GCA_030615175.1,t,d__Archaea,p__Nanoarchaeota,c__Nanoarchaeia,o__WJKC01,f__WJKC01,g__JAFCFT01,s__JAFCFT01 sp030615175
GCA_002502405.1,f,d__Archaea,p__Halobacteriota,c__Methanosarcinia,o__Methanotrichales,f__Methanotrichaceae,g__Methanocrinis,s__Methanocrinis harundinacea_B
GCA_014729705.1,t,d__Archaea,p__Altiarchaeota,c__Altiarchaeia,o__IMC4,f__SCGC-AAA252-I15,g__WJJK01,s__WJJK01 sp014729705
GCA_018829845.1,t,d__Archaea,p__Nanoarchaeota,c__Nanoarchaeia,o__Pacearchaeales,f__JAHJTO01,g__JAHJTO01,s__JAHJTO01 sp018829845
GCA_013288145.1,t,d__Archaea,p__Thermoproteota,c__Nitrososphaeria,o__Nitrososphaerales,f__CADDZS01,g__CADDZS01,s__CADDZS01 sp013288145
GCA_027334345.1,f,d__Archaea,p__Micrarchaeota,c__Micrarchaeia,o__Micrarchaeales,f__CABMGC01,g__JAJZIU01,s__JAJZIU01 sp021810455
GCA_027334155.1,f,d__Archaea,p__Micrarchaeota,c__Micrarchaeia,o__Micrarchaeales,f__CABMGC01,g__JAJZIZ01,s__JAJZIZ01 sp027366155
GCF_959607185.1,f,d__Archaea,p__Methanobacteriota,c__Methanobacteria,o__Methanobacteriales,f__Methanobacteriaceae,g__Methanobrevibacter_A,s__Methanobrevibacter_A sp900766745
GCF_002252985.1,t,d__Archaea,p__Halobacteriota,c__Halobacteria,o__Halobacteriales,f__Haloferacaceae,g__Halorubrum,s__Halorubrum halodurans
GCA_023248455.1,t,d__Archaea,p__Micrarchaeota,c__Micrarchaeia,o__Anstonellales,f__Anstonellaceae,g__UBA10161,s__UBA10161 sp023248455
GCA_027379595.1,f,d__Archaea,p__Thermoplasmatota,c__Thermoplasmata,o__Thermoplasmatales,f__Thermoplasmataceae,g__JAKAFX01,s__JAKAFX01 sp021785735
GCA_027337265.1,f,d__Archaea,p__Micrarchaeota,c__Micrarchaeia,o__Micrarchaeales,f__Micrarchaeaceae,g__JAMCYB01,s__JAMCYB01 sp021797575
GCA_000405245.1,t,d__Archaea,p__Aenigmatarchaeota,c__Aenigmatarchaeia,o__Aenigmatarchaeales,f__Aenigmatarchaeaceae,g__Aenigmatarchaeum,s__Aenigmatarchaeum subterraneum
GCA_002502135.1,t,d__Archaea,p__Undinarchaeota,c__Undinarchaeia,o__Undinarchaeales,f__UBA543,g__UBA543,s__UBA543 sp002502135
GCF_902410085.1,f,d__Archaea,p__Halobacteriota,c__Halobacteria,o__Halobacteriales,f__Haloferacaceae,g__Haloferax,s__Haloferax massiliensis
GCA_030752535.1,f,d__Archaea,p__Nanoarchaeota,c__Nanoarchaeia,o__Woesearchaeales,f__ARS49,g__GCA-2687275,s__GCA-2687275 sp030750765
GCA_025966515.1,f,d__Archaea,p__Halobacteriota,c__Syntropharchaeia,o__Alkanophagales,f__Methanospirareceae,g__QMVO01,s__QMVO01 sp003661125
GCA_023485825.1,t,d__Archaea,p__Micrarchaeota,c__Micrarchaeia,o__Micrarchaeales,f__CABMGC01,g__JAJZOD01,s__JAJZOD01 sp023485825
GCA_015659805.1,f,d__Archaea,p__Thermoplasmatota,c__Poseidoniia,o__Poseidoniales,f__Thalassarchaeaceae,g__Thalassarchaeum,s__Thalassarchaeum sp004195715
GCA_005879105.1,f,d__Archaea,p__Thermoplasmatota,c__Thermoplasmata,o__RBG-16-68-12,f__RBG-16-68-12,g__RBG-16-68-12,s__RBG-16-68-12 sp005879065
GCA_026014595.1,t,d__Archaea,p__Thermoproteota,c__Bathyarchaeia,o__Bathyarchaeales,f__UBA233,g__A05DMB-2,s__A05DMB-2 sp026014595
GCA_009780575.1,t,d__Archaea,p__Thermoplasmatota,c__Thermoplasmata,o__Methanomassiliicoccales,f__Methanomethylophilaceae,g__WRKA01,s__WRKA01 sp009780575
GCA_018304565.1,t,d__Archaea,p__Aenigmatarchaeota,c__Aenigmatarchaeia,o__GW2011-AR5,f__GW2011-AR5,g__JACPDL01,s__JACPDL01 sp018304565
GCA_028867835.1,f,d__Archaea,p__Thermoproteota,c__Nitrososphaeria,o__Nitrososphaerales,f__Nitrosopumilaceae,g__Nitrosotalea,s__Nitrosotalea sp028867235
GCA_018302915.1,t,d__Archaea,p__Nanoarchaeota,c__Nanoarchaeia,o__SCGC-AAA011-G17,f__GW2011-AR20,g__JAGVZC01,s__JAGVZC01 sp018302915
GCA_027332625.1,f,d__Archaea,p__Micrarchaeota,c__Micrarchaeia,o__Micrarchaeales,f__Micrarchaeaceae,g__Micrarchaeum,s__Micrarchaeum sp023485745
GCA_030855675.1,f,d__Archaea,p__Thermoproteota,c__Nitrososphaeria,o__Nitrososphaerales,f__Nitrososphaeraceae,g__Nitrosocosmicus,s__Nitrosocosmicus sp013694585
GCA_029856045.1,t,d__Archaea,p__Asgardarchaeota,c__Lokiarchaeia,o__Sigynarchaeales,f__SOKP01,g__6H3-1,s__6H3-1 sp029856045
GCA_002412065.1,f,d__Archaea,p__Nanoarchaeota,c__Nanoarchaeia,o__Parvarchaeales,f__Parvarchaeaceae,g__Parvarchaeum,s__Parvarchaeum acidiphilum
GCA_002494845.1,f,d__Archaea,p__Halobacteriota,c__Methanosarcinia,o__Methanosarcinales,f__Methanosarcinaceae,g__Methanosarcina,s__Methanosarcina sp002499445
GCA_002497105.1,f,d__Archaea,p__Methanobacteriota,c__Methanobacteria,o__Methanobacteriales,f__Methanobacteriaceae,g__Methanobacterium_A,s__Methanobacterium_A sp002494495
GCA_028867695.1,f,d__Archaea,p__Micrarchaeota,c__Micrarchaeia,o__Micrarchaeales,f__CABMGC01,g__JAGWGI01,s__JAGWGI01 sp028867115
GCA_030154345.1,f,d__Archaea,p__Methanobacteriota_B,c__Thermococci,o__Thermococcales,f__Thermococcaceae,g__Thermococcus_A,s__Thermococcus_A bergensis
GCA_029786415.1,f,d__Archaea,p__Thermoproteota,c__Nitrososphaeria,o__Conexivisphaerales,f__UBA164,g__JAJZYL01,s__JAJZYL01 sp021798095
GCA_003151735.1,t,d__Archaea,p__Thermoproteota,c__Bathyarchaeia,o__Bathyarchaeales,f__UBA233,g__Termiticorpusculum,s__Termiticorpusculum sp003151735
GCA_027373395.1,f,d__Archaea,p__Thermoplasmatota,c__Thermoplasmata,o__Thermoplasmatales,f__Thermoplasmataceae,g__JAJZOT01,s__JAJZOT01 sp021820245
GCF_000006805.1,f,d__Archaea,p__Halobacteriota,c__Halobacteria,o__Halobacteriales,f__Halobacteriaceae,g__Halobacterium,s__Halobacterium salinarum
GCA_030672415.1,t,d__Archaea,p__Thermoproteota,c__Bathyarchaeia,o__Bathyarchaeales,f__Bathyarchaeaceae,g__B1-G15,s__B1-G15 sp030672415
GCA_002687075.1,t,d__Archaea,p__Thermoplasmatota,c__Poseidoniia,o__Poseidoniales,f__Poseidoniaceae,g__MGIIa-L1,s__MGIIa-L1 sp002687075
GCA_030037815.1,t,d__Archaea,p__Thermoplasmatota,c__Thermoplasmata,o__UBA184,f__UBA184,g__UBA184,s__UBA184 sp030037815
GCA_018698115.1,f,d__Archaea,p__Thermoproteota,c__Nitrososphaeria,o__Nitrososphaerales,f__Nitrosopumilaceae,g__Nitrosopelagicus,s__Nitrosopelagicus sp018647405
GCA_002497295.1,t,d__Archaea,p__Thermoplasmatota,c__Poseidoniia,o__Poseidoniales,f__Thalassarchaeaceae,g__MGIIb-N1,s__MGIIb-N1 sp002497295
GCF_000151245.1,f,d__Archaea,p__Methanobacteriota,c__Methanobacteria,o__Methanobacteriales,f__Methanobacteriaceae,g__Methanobrevibacter_A,s__Methanobrevibacter_A smithii
GCA_014237135.1,f,d__Archaea,p__Halobacteriota,c__Methanosarcinia,o__Methanosarcinales,f__Methanocomedenaceae,g__Methanocomedens,s__Methanocomedens sp014237145
GCF_000979015.1,f,d__Archaea,p__Halobacteriota,c__Methanosarcinia,o__Methanosarcinales,f__Methanosarcinaceae,g__Methanosarcina,s__Methanosarcina mazei
GCA_018661765.1,f,d__Archaea,p__Nanoarchaeota,c__Nanoarchaeia,o__UBA10117,f__ARS21,g__JAAZWY01,s__JAAZWY01 sp018698915
GCF_002252835.1,f,d__Archaea,p__Halobacteriota,c__Halobacteria,o__Halobacteriales,f__Haloferacaceae,g__Halorubrum,s__Halorubrum ezzemoulense
GCA_027380215.1,f,d__Archaea,p__Thermoplasmatota,c__Thermoplasmata,o__Thermoplasmatales,f__Thermoplasmataceae,g__JAKAFX01,s__JAKAFX01 sp021802055
GCA_027886905.1,t,d__Archaea,p__Thermoproteota,c__Nitrososphaeria,o__Nitrososphaerales,f__UBA183,g__BOG-1369,s__BOG-1369 sp027886905
GCA_902496515.1,f,d__Archaea,p__Methanobacteriota,c__Methanobacteria,o__Methanobacteriales,f__Methanobacteriaceae,g__Methanosphaera,s__Methanosphaera sp900322125
GCA_021826685.1,t,d__Archaea,p__Thermoplasmatota,c__Thermoplasmata,o__UBA184,f__UBA184,g__UBA184,s__UBA184 sp021826685
GCA_031260365.1,t,d__Archaea,p__Thermoproteota,c__Bathyarchaeia,o__Bathyarchaeales,f__UBA233,g__Termiticorpusculum,s__Termiticorpusculum sp031260365
GCA_011391755.1,t,d__Archaea,p__Halobacteriota,c__Methanosarcinia,o__Methanotrichales,f__Methanotrichaceae,g__Methanothrix,s__Methanothrix sp011391755
GCA_016185865.1,t,d__Archaea,p__Nanoarchaeota,c__Nanoarchaeia,o__Woesearchaeales,f__GW2011-AR4,g__GCA-2688775,s__GCA-2688775 sp016185865
GCA_028867495.1,f,d__Archaea,p__Thermoproteota,c__Nitrososphaeria,o__Nitrososphaerales,f__Nitrosopumilaceae,g__Nitrosotalea,s__Nitrosotalea okcheonensis
GCA_002697705.1,t,d__Archaea,p__Thermoplasmatota,c__Poseidoniia,o__Poseidoniales,f__Poseidoniaceae,g__MGIIa-L1,s__MGIIa-L1 sp002697705
GCA_016177205.1,t,d__Archaea,p__Aenigmatarchaeota,c__Aenigmatarchaeia,o__JACPZZ01,f__JACPZZ01,g__JACPZZ01,s__JACPZZ01 sp016177205
GCA_030744315.1,f,d__Archaea,p__Thermoplasmatota,c__Poseidoniia,o__MGIII,f__CG-Epi1,g__UBA8886,s__UBA8886 sp002687355
GCA_024399275.1,t,d__Archaea,p__Thermoplasmatota,c__Thermoplasmata,o__Methanomassiliicoccales,f__Methanomethylophilaceae,g__JAKSHX01,s__JAKSHX01 sp024399275
GCA_938073845.1,t,d__Archaea,p__Thermoproteota,c__Korarchaeia,o__Korarchaeales,f__Korarchaeaceae,g__Korarchaeum,s__Korarchaeum sp938073845
GCA_016782225.1,t,d__Archaea,p__Thermoproteota,c__Nitrososphaeria,o__Nitrososphaerales,f__Nitrososphaeraceae,g__Nitrosocosmicus,s__Nitrosocosmicus sp016782225
GCA_021835305.1,f,d__Archaea,p__Thermoplasmatota,c__Thermoplasmata,o__Sysuiplasmatales,f__Sysuiplasmataceae,g__JAJZXY01,s__JAJZXY01 sp021817225
GCA_002783845.1,f,d__Archaea,p__Altiarchaeota,c__Altiarchaeia,o__Altiarchaeales,f__Altiarchaeaceae,g__Altiarchaeum,s__Altiarchaeum hamiconexum
GCA_009785285.1,f,d__Archaea,p__Thermoproteota,c__Bathyarchaeia,o__Bathyarchaeales,f__UBA233,g__Termiticorpusculum,s__Termiticorpusculum sp009781675
GCA_023247835.1,t,d__Archaea,p__Thermoproteota,c__Bathyarchaeia,o__40CM-2-53-6,f__FEN-987,g__FEN-987,s__FEN-987 sp023247835
GCA_944320205.1,f,d__Archaea,p__Thermoplasmatota,c__Thermoplasmata,o__Methanomassiliicoccales,f__Methanomethylophilaceae,g__UBA71,s__UBA71 sp905187815
GCA_013330215.1,t,d__Archaea,p__Micrarchaeota,c__Micrarchaeia,o__Micrarchaeales,f__Micrarchaeaceae,g__UBA12276,s__UBA12276 sp8261u
GCA_013153845.1,t,d__Archaea,p__Methanobacteriota_A,c__Methanococci,o__Methanococcales,f__Methanocaldococcaceae,g__Methanocaldococcus,s__Methanocaldococcus sp013153845
GCA_015521615.1,t,d__Archaea,p__Hydrothermarchaeota,c__Hydrothermarchaeia,o__Hydrothermarchaeales,f__BMS3B,g__Pyrohabitans,s__Pyrohabitans sp015521615
GCA_018695895.1,f,d__Archaea,p__Thermoproteota,c__Nitrososphaeria,o__Nitrososphaerales,f__Nitrosopumilaceae,g__Nitrosopumilus,s__Nitrosopumilus sp018674605
GCA_023256015.1,t,d__Archaea,p__Thermoproteota,c__Thermoprotei_A,o__Sulfolobales,f__Desulfurococcaceae,g__Thermogladius,s__Thermogladius sp023256015
GCA_003023465.1,t,d__Archaea,p__Halobacteriota,c__Halobacteria,o__Halobacteriales,f__Haladaptataceae,g__Halorussus,s__Halorussus sp003023465
GCA_028685545.1,f,d__Archaea,p__Thermoplasmatota,c__Thermoplasmata,o__Methanomassiliicoccales,f__Methanomethylophilaceae,g__RumEn-M2,s__RumEn-M2 sp001421175
GCA_027377235.1,f,d__Archaea,p__Thermoplasmatota,c__Thermoplasmata,o__UBA184,f__UBA184,g__UBA184,s__UBA184 sp021801925
GCA_030156165.1,f,d__Archaea,p__Halobacteriota,c__Methanomicrobia,o__Methanomicrobiales,f__Methanoculleaceae,g__Methanoculleus,s__Methanoculleus sp030156625
GCA_025060975.1,t,d__Archaea,p__Thermoproteota,c__Methanomethylicia,o__Culexarchaeales,f__Culexarchaeaceae,g__Culexarchaeum,s__Culexarchaeum nevadense
GCA_013330465.1,f,d__Archaea,p__Nanoarchaeota,c__Nanoarchaeia,o__Woesearchaeales,f__UBA9989,g__UBA9989,s__UBA9989 sp9989u
GCA_028679325.1,t,d__Archaea,p__Halobacteriota,c__Methanomicrobia,o__Methanomicrobiales,f__Methanospirillaceae,g__UBA9949,s__UBA9949 sp028679325
GCA_019058035.1,f,d__Archaea,p__Asgardarchaeota,c__Lokiarchaeia,o__Sigynarchaeales,f__SOKP01,g__6H3-1,s__6H3-1 sp019058015
GCF_000725425.1,t,d__Archaea,p__Methanobacteriota_B,c__Thermococci,o__Thermococcales,f__Thermococcaceae,g__Palaeococcus,s__Palaeococcus pacificus
GCA_030668025.1,t,d__Archaea,p__Asgardarchaeota,c__Lokiarchaeia,o__Sigynarchaeales,f__SOKP01,g__SOKP01,s__SOKP01 sp030668025
GCA_027320365.1,f,d__Archaea,p__Micrarchaeota,c__Micrarchaeia,o__Micrarchaeales,f__CABMGC01,g__JAJYVH01,s__JAJYVH01 sp023476545
GCA_027040655.1,f,d__Archaea,p__Halobacteriota,c__Archaeoglobi,o__Archaeoglobales,f__Archaeoglobaceae,g__WAPX01,s__WAPX01 sp015520485
GCF_028471785.1,f,d__Archaea,p__Methanobacteriota_B,c__Thermococci,o__Thermococcales,f__Thermococcaceae,g__Thermococcus,s__Thermococcus kodakarensis
GCF_900064395.1,t,d__Archaea,p__Methanobacteriota_B,c__Thermococci,o__Thermococcales,f__Thermococcaceae,g__Thermococcus_A,s__Thermococcus_A litoralis
GCA_027331235.1,f,d__Archaea,p__Thermoplasmatota,c__Thermoplasmata,o__Thermoplasmatales,f__Thermoplasmataceae,g__JACWAH01,s__JACWAH01 sp021818715
GCA_027327295.1,f,d__Archaea,p__Micrarchaeota,c__Micrarchaeia,o__Micrarchaeales,f__Micrarchaeaceae,g__JAMCYM01,s__JAMCYM01 sp021810685
GCF_000762265.1,f,d__Archaea,p__Methanobacteriota,c__Methanobacteria,o__Methanobacteriales,f__Methanobacteriaceae,g__Methanobacterium,s__Methanobacterium formicicum
GCF_003675875.1,t,d__Archaea,p__Halobacteriota,c__Halobacteria,o__Halobacteriales,f__QS-9-68-17,g__Halostella,s__Halostella limicola
GCA_022759265.1,f,d__Archaea,p__Thermoproteota,c__Thermoprotei_A,o__Sulfolobales,f__Sulfolobaceae,g__Acd1,s__Acd1 sp000389735
GCF_000970325.1,t,d__Archaea,p__Halobacteriota,c__Methanosarcinia,o__Methanosarcinales,f__Methanosarcinaceae,g__Methanococcoides,s__Methanococcoides methylutens_A
GCA_002010215.1,t,d__Archaea,p__Halobacteriota,c__Archaeoglobi,o__Archaeoglobales,f__Archaeoglobaceae,g__JdFR-37,s__JdFR-37 sp002010215
GCA_002502285.1,f,d__Archaea,p__Thermoplasmatota,c__Poseidoniia,o__Poseidoniales,f__Thalassarchaeaceae,g__MGIIb-O1,s__MGIIb-O1 sp002502175
GCA_002501685.1,f,d__Archaea,p__Thermoplasmatota,c__Poseidoniia,o__Poseidoniales,f__Thalassarchaeaceae,g__Thalassarchaeum,s__Thalassarchaeum sp002714745
GCA_027021195.1,t,d__Archaea,p__Nanoarchaeota,c__Nanoarchaeia,o__Pacearchaeales,f__GW2011-AR1,g__JALUUW01,s__JALUUW01 sp027021195
GCA_002505895.1,f,d__Archaea,p__Methanobacteriota,c__Methanobacteria,o__Methanobacteriales,f__Methanobacteriaceae,g__Methanobacterium_C,s__Methanobacterium_C sp002498385
GCA_030017635.1,f,d__Archaea,p__Halobacteriota,c__Methanomicrobia,o__Methanomicrobiales,f__JACTUA01,g__JASEFH01,s__JASEFH01 sp030019205
GCA_005881655.1,f,d__Archaea,p__Thermoproteota,c__Bathyarchaeia,o__40CM-2-53-6,f__40CM-2-53-6,g__40CM-2-53-6,s__40CM-2-53-6 sp005882905
GCA_026414145.1,f,d__Archaea,p__Thermoproteota,c__Bathyarchaeia,o__Bathyarchaeales,f__UBA233,g__DRVV01,s__DRVV01 sp025058315
GCA_029303145.1,f,d__Archaea,p__Thermoproteota,c__Nitrososphaeria,o__Nitrososphaerales,f__Nitrosopumilaceae,g__Nitrosopumilus,s__Nitrosopumilus limneticus
GCA_903865415.1,f,d__Archaea,p__Thermoproteota,c__Bathyarchaeia,o__Bathyarchaeales,f__UBA233,g__Termiticorpusculum,s__Termiticorpusculum sp903901015
GCA_030641225.1,t,d__Archaea,p__Nanoarchaeota,c__Nanoarchaeia,o__Pacearchaeales,f__UBA284,g__DAOWHW01,s__DAOWHW01 sp030641225
GCA_023268395.1,f,d__Archaea,p__Thermoproteota,c__Nitrososphaeria_A,o__Caldarchaeales,f__Wolframiiraptoraceae,g__Terraquivivens,s__Terraquivivens tengchongensis
GCA_027012045.1,t,d__Archaea,p__Thermoproteota,c__Thermoprotei_A,o__Sulfolobales,f__Acidilobaceae,g__WALW01,s__WALW01 sp027012045
GCF_028330485.1,f,d__Archaea,p__Halobacteriota,c__Halobacteria,o__Halobacteriales,f__Haloferacaceae,g__Halorubrum,s__Halorubrum ezzemoulense
GCA_002494495.1,t,d__Archaea,p__Methanobacteriota,c__Methanobacteria,o__Methanobacteriales,f__Methanobacteriaceae,g__Methanobacterium_A,s__Methanobacterium_A sp002494495
GCA_024464205.1,t,d__Archaea,p__Thermoproteota,c__Methanomethylicia,o__Methanomethylicales,f__Methanomethylicaceae,g__Methanomethylicus,s__Methanomethylicus sp024464205
GCA_026552955.1,t,d__Archaea,p__Halobacteriota,c__Methanosarcinia,o__Methanosarcinales,f__Methanoperedenaceae,g__Methanoperedens,s__Methanoperedens sp026552955
GCF_002208625.1,t,d__Archaea,p__Methanobacteriota,c__Methanobacteria,o__Methanobacteriales,f__Methanobacteriaceae,g__Methanobrevibacter_B,s__Methanobrevibacter_B sp002208625
GCA_003157375.1,f,d__Archaea,p__Methanobacteriota,c__Methanobacteria,o__Methanobacteriales,f__Methanobacteriaceae,g__Methanobacterium_B,s__Methanobacterium_B sp003158115
GCA_027338205.1,f,d__Archaea,p__Micrarchaeota,c__Micrarchaeia,o__Micrarchaeales,f__Micrarchaeaceae,g__JAJZAB01,s__JAJZAB01 sp021799635
GCA_019322995.1,t,d__Archaea,p__Nanoarchaeota,c__Nanoarchaeia,o__Woesearchaeales,f__ARS49,g__WJKI01,s__WJKI01 sp019322995
GCA_026015185.1,t,d__Archaea,p__Thermoproteota,c__Bathyarchaeia,o__40CM-2-53-6,f__RBG-13-38-9,g__JAOZGX01,s__JAOZGX01 sp026015185
GCA_016784665.1,f,d__Archaea,p__Thermoproteota,c__Nitrososphaeria,o__Nitrososphaerales,f__Nitrosopumilaceae,g__Nitrosopumilus,s__Nitrosopumilus sp014384555
GCA_023145185.1,t,d__Archaea,p__Thermoplasmatota,c__EX4484-6,o__EX4484-6,f__EX4484-6,g__JAGLEG01,s__JAGLEG01 sp023145185
GCF_013391085.1,t,d__Archaea,p__Halobacteriota,c__Halobacteria,o__Halobacteriales,f__Haloarculaceae,g__Natronomonas,s__Natronomonas halophila
GCA_021818475.1,t,d__Archaea,p__Nanoarchaeota,c__Nanoarchaeia,o__Pacearchaeales,f__GW2011-AR1,g__RBG-13-33-26,s__RBG-13-33-26 sp021818475
GCA_027309885.1,f,d__Archaea,p__Thermoplasmatota,c__Thermoplasmata,o__Thermoplasmatales,f__Thermoplasmataceae,g__Cuniculiplasma,s__Cuniculiplasma divulgatum
GCA_027339745.1,t,d__Archaea,p__Thermoproteota,c__Nitrososphaeria,o__Nitrososphaerales,f__UBA183,g__UBA183,s__UBA183 sp027339745
GCA_003978865.1,t,d__Archaea,p__Halobacteriota,c__Archaeoglobi,o__Archaeoglobales,f__Archaeoglobaceae,g__WAPX01,s__WAPX01 sp003978865
GCF_020217425.1,t,d__Archaea,p__Halobacteriota,c__Halobacteria,o__Halobacteriales,f__Haloarculaceae,g__Halomicrobium,s__Halomicrobium urmianum
GCF_000337075.1,t,d__Archaea,p__Halobacteriota,c__Halobacteria,o__Halobacteriales,f__Haloferacaceae,g__Halorubrum,s__Halorubrum hochstenium
GCF_018435085.1,f,d__Archaea,p__Halobacteriota,c__Methanomicrobia,o__Methanomicrobiales,f__Methanospirillaceae,g__Methanospirillum,s__Methanospirillum sp012520015
GCA_027316665.1,f,d__Archaea,p__Micrarchaeota,c__Micrarchaeia,o__Micrarchaeales,f__Micrarchaeaceae,g__Micrarchaeum_A,s__Micrarchaeum_A acidiphilum_A
GCA_009784745.1,t,d__Archaea,p__Thermoplasmatota,c__Thermoplasmata,o__Methanomassiliicoccales,f__Methanomethylophilaceae,g__WRKA01,s__WRKA01 sp009784745
GCA_022769885.1,f,d__Archaea,p__Thermoplasmatota,c__Thermoplasmata,o__Methanomassiliicoccales,f__Methanomethylophilaceae,g__Methanomethylophilus,s__Methanomethylophilus alvus
GCA_016180165.1,t,d__Archaea,p__Nanoarchaeota,c__Nanoarchaeia,o__Woesearchaeales,f__JACPBV01,g__JACPBV01,s__JACPBV01 sp016180165
GCA_028822845.1,t,d__Archaea,p__Thermoplasmatota,c__Poseidoniia,o__Poseidoniales,f__Poseidoniaceae,g__MGIIa-L1,s__MGIIa-L1 sp028822845
GCA_018813975.1,t,d__Archaea,p__Iainarchaeota,c__Iainarchaeia,o__Iainarchaeales,f__JAGVWC01,g__JAHJAQ01,s__JAHJAQ01 sp018813975
GCA_027369255.1,f,d__Archaea,p__Thermoplasmatota,c__Thermoplasmata,o__Thermoplasmatales,f__GCA-001856825,g__JAKAUZ01,s__JAKAUZ01 sp021817415
GCA_022841105.1,f,d__Archaea,p__Halobacteriota,c__Methanosarcinia,o__Methanotrichales,f__Methanotrichaceae,g__Methanothrix,s__Methanothrix soehngenii
GCA_028571485.1,f,d__Archaea,p__Halobacteriota,c__Methanosarcinia,o__Methanosarcinales,f__Methanocomedenaceae,g__Methanocomedens,s__Methanocomedens sp009649835
GCA_015661645.1,t,d__Archaea,p__Thermoproteota,c__Thermoprotei_A,o__Sulfolobales,f__Pyrodictiaceae,g__Pyrodictium,s__Pyrodictium delaneyi_A
GCA_902514095.1,t,d__Archaea,p__Thermoproteota,c__Nitrososphaeria,o__Nitrososphaerales,f__Nitrosopumilaceae,g__Nitrosopumilus,s__Nitrosopumilus sp902514095
GCA_030047275.1,f,d__Archaea,p__Thermoplasmatota,c__Thermoplasmata,o__UBA184,f__UBA184,g__UBA184,s__UBA184 sp030043505
GCA_021844865.1,f,d__Archaea,p__Thermoplasmatota,c__Thermoplasmata,o__Thermoplasmatales,f__Thermoplasmataceae,g__JAKAFX01,s__JAKAFX01 sp021802055
GCA_027335105.1,f,d__Archaea,p__Micrarchaeota,c__Micrarchaeia,o__Micrarchaeales,f__Micrarchaeaceae,g__JAKATK01,s__JAKATK01 sp021801355
GCA_018304045.1,t,d__Archaea,p__Nanoarchaeota,c__Nanoarchaeia,o__Pacearchaeales,f__GW2011-AR1,g__CABMGE01,s__CABMGE01 sp018304045
GCA_023459575.1,f,d__Archaea,p__Methanobacteriota,c__Methanobacteria,o__Methanobacteriales,f__Methanobacteriaceae,g__Methanobrevibacter_A,s__Methanobrevibacter_A smithii
GCA_021735165.1,t,d__Archaea,p__Nanoarchaeota,c__Nanoarchaeia,o__Woesearchaeales,f__21-14-0-10-32-9,g__JAIPET01,s__JAIPET01 sp021735165
GCA_028867255.1,f,d__Archaea,p__Micrarchaeota,c__Micrarchaeia,o__Micrarchaeales,f__CABMGC01,g__JAJZNA01,s__JAJZNA01 sp028866935
GCA_027336985.1,f,d__Archaea,p__Micrarchaeota,c__Micrarchaeia,o__Micrarchaeales,f__Micrarchaeaceae,g__JAJYXL01,s__JAJYXL01 sp021801785
GCA_027376895.1,f,d__Archaea,p__Thermoplasmatota,c__Thermoplasmata,o__UBA184,f__UBA184,g__UBA184,s__UBA184 sp021791335
GCA_026396355.1,t,d__Archaea,p__Micrarchaeota,c__Micrarchaeia,o__Anstonellales,f__Anstonellaceae,g__JAPLWY01,s__JAPLWY01 sp026396355
GCA_016198645.1,t,d__Archaea,p__Aenigmatarchaeota,c__Aenigmatarchaeia,o__GW2011-AR5,f__GW2011-AR5,g__JACQID01,s__JACQID01 sp016198645
GCF_002835825.1,t,d__Archaea,p__Halobacteriota,c__Methanomicrobia,o__Methanomicrobiales,f__Methanospirillaceae,g__Methanoregula,s__Methanoregula sp002835825
GCA_026002795.1,t,d__Archaea,p__Nanoarchaeota,c__Nanoarchaeia,o__Pacearchaeales,f__GW2011-AR1,g__ASMP01,s__ASMP01 sp026002795
GCF_000875775.1,t,d__Archaea,p__Thermoproteota,c__Nitrososphaeria,o__Nitrososphaerales,f__Nitrosopumilaceae,g__Nitrosopumilus,s__Nitrosopumilus piranensis
GCF_000336735.1,f,d__Archaea,p__Halobacteriota,c__Halobacteria,o__Halobacteriales,f__Haloferacaceae,g__Haloferax,s__Haloferax volcanii
GCA_030634705.1,f,d__Archaea,p__Thermoplasmatota,c__Thermoplasmata,o__RBG-16-68-12,f__JAGMCJ01,g__JAGMCJ01,s__JAGMCJ01 sp023136265
GCA_001587635.1,f,d__Archaea,p__Methanobacteriota_B,c__Thermococci,o__Methanofastidiosales,f__Methanofastidiosaceae,g__Methanofastidiosum,s__Methanofastidiosum sp001587595
GCA_030697615.1,t,d__Archaea,p__Micrarchaeota,c__Micrarchaeia,o__Norongarragalinales,f__JAHFHC01,g__JAHFHC01,s__JAHFHC01 sp030697615
GCF_001577775.1,t,d__Archaea,p__Methanobacteriota_B,c__Thermococci,o__Thermococcales,f__Thermococcaceae,g__Pyrococcus,s__Pyrococcus kukulkanii
GCA_903825675.1,t,d__Archaea,p__Aenigmatarchaeota,c__Aenigmatarchaeia,o__GW2011-AR5,f__GW2011-AR5,g__CAIKBN01,s__CAIKBN01 sp903825675
GCA_018238625.1,t,d__Archaea,p__Asgardarchaeota,c__Lokiarchaeia,o__Sigynarchaeales,f__SOKP01,g__SOKP01,s__SOKP01 sp018238625
GCA_029785685.1,t,d__Archaea,p__Thermoproteota,c__Nitrososphaeria,o__Nitrososphaerales,f__UBA183,g__UBA183,s__UBA183 sp029785685
GCA_018303465.1,f,d__Archaea,p__Nanoarchaeota,c__Nanoarchaeia,o__Woesearchaeales,f__UBA10107,g__UBA10107,s__UBA10107 sp10107u
GCA_027319825.1,f,d__Archaea,p__Thermoplasmatota,c__Thermoplasmata,o__Thermoplasmatales,f__Thermoplasmataceae,g__JAJZOT01,s__JAJZOT01 sp021801305
GCF_014646535.1,f,d__Archaea,p__Thermoproteota,c__Thermoprotei,o__Thermoproteales,f__Thermocladiaceae,g__Thermocladium,s__Thermocladium modestius
GCF_000980025.1,f,d__Archaea,p__Halobacteriota,c__Methanosarcinia,o__Methanosarcinales,f__Methanosarcinaceae,g__Methanosarcina,s__Methanosarcina mazei
GCA_021792665.1,f,d__Archaea,p__Thermoplasmatota,c__Thermoplasmata,o__UBA184,f__JAMCUS01,g__JAMCUS01,s__JAMCUS01 sp023379385
GCA_028276565.1,f,d__Archaea,p__Thermoproteota,c__Nitrososphaeria,o__Conexivisphaerales,f__Conexivisphaeraceae,g__Conexivisphaera,s__Conexivisphaera sp009903775
GCA_023252835.1,f,d__Archaea,p__Thermoproteota,c__Nitrososphaeria_A,o__Caldarchaeales,f__Wolframiiraptoraceae,g__Terraquivivens,s__Terraquivivens tengchongensis
GCA_938091805.1,t,d__Archaea,p__Thermoproteota,c__Bathyarchaeia,o__Bathyarchaeales,f__B26-1,g__DTEX01,s__DTEX01 sp938091805
GCA_002170365.2,f,d__Archaea,p__Thermoplasmatota,c__Poseidoniia,o__Poseidoniales,f__Thalassarchaeaceae,g__MGIIb-N2,s__MGIIb-N2 sp002502625
GCA_015522845.1,t,d__Archaea,p__B1Sed10-29,c__B1Sed10-29,o__WALL01,f__WALL01,g__WALL01,s__WALL01 sp015522845
GCA_030539985.1,t,d__Archaea,p__Methanobacteriota,c__Methanobacteria,o__Methanobacteriales,f__Methanobacteriaceae,g__Methanobrevibacter_A,s__Methanobrevibacter_A sp030539985
GCA_021835925.1,f,d__Archaea,p__Thermoplasmatota,c__Thermoplasmata,o__Thermoplasmatales,f__GCA-001856825,g__GCA-001856825,s__GCA-001856825 sp021831005
GCA_030641985.1,f,d__Archaea,p__Halobacteriota,c__Syntropharchaeia,o__Alkanophagales,f__Methanospirareceae,g__QENH01,s__QENH01 sp009903405
GCA_018830245.1,t,d__Archaea,p__Nanoarchaeota,c__Nanoarchaeia,o__Pacearchaeales,f__GW2011-AR1,g__JAHJSW01,s__JAHJSW01 sp018830245
GCA_005191425.1,t,d__Archaea,p__Asgardarchaeota,c__Lokiarchaeia,o__Helarchaeales,f__HEL-GB-B,g__HEL-GB-B,s__HEL-GB-B sp005191425
GCA_021834865.1,t,d__Archaea,p__Micrarchaeota,c__Micrarchaeia,o__Micrarchaeales,f__Micrarchaeaceae,g__Micrarchaeum_A,s__Micrarchaeum_A sp021834865
GCA_023396455.1,f,d__Archaea,p__Halobacteriota,c__Methanomicrobia,o__Methanomicrobiales,f__Methanocorpusculaceae,g__Methanocorpusculum,s__Methanocorpusculum parvum
GCA_027376075.1,f,d__Archaea,p__Thermoplasmatota,c__Thermoplasmata,o__Thermoplasmatales,f__Thermoplasmataceae,g__Ferroplasma,s__Ferroplasma sp021820565
GCA_018304205.1,t,d__Archaea,p__Nanoarchaeota,c__Nanoarchaeia,o__Pacearchaeales,f__GW2011-AR1,g__JAGVWR01,s__JAGVWR01 sp018304205
GCA_021844825.1,f,d__Archaea,p__Thermoplasmatota,c__Thermoplasmata,o__Thermoplasmatales,f__Thermoplasmataceae,g__GCA-000496135,s__GCA-000496135 sp000496135
GCA_001507975.1,f,d__Archaea,p__Halobacteriota,c__Methanosarcinia,o__Methanosarcinales_A,f__Methermicoccaceae,g__Methermicoccus,s__Methermicoccus shengliensis
GCA_001316165.1,f,d__Archaea,p__Methanobacteriota_B,c__Thermococci,o__Thermococcales,f__Thermococcaceae,g__Thermococcus,s__Thermococcus kodakarensis
GCA_027373055.1,f,d__Archaea,p__Thermoplasmatota,c__Thermoplasmata,o__Thermoplasmatales,f__Thermoplasmataceae,g__JAJZOT01,s__JAJZOT01 sp021820245
GCA_003116855.1,t,d__Archaea,p__Thermoproteota,c__Thermoprotei_A,o__Sulfolobales,f__AG1,g__AG1,s__AG1 sp003116855
GCF_001560835.1,f,d__Archaea,p__Thermoproteota,c__Thermoprotei_A,o__Sulfolobales,f__Sulfolobaceae,g__Sulfolobus,s__Sulfolobus acidocaldarius
GCF_000245255.1,f,d__Archaea,p__Thermoproteota,c__Thermoprotei_A,o__Sulfolobales,f__Sulfolobaceae,g__Saccharolobus,s__Saccharolobus islandicus
GCA_027377775.1,f,d__Archaea,p__Thermoplasmatota,c__Thermoplasmata,o__UBA184,f__UBA184,g__UBA184,s__UBA184 sp021826685
GCA_016839985.1,t,d__Archaea,p__Asgardarchaeota,c__Heimdallarchaeia,o__Heimdallarchaeales,f__Heimdallarchaeaceae,g__UBA460,s__UBA460 sp016839985
GCA_902534365.1,f,d__Archaea,p__Thermoplasmatota,c__Poseidoniia,o__Poseidoniales,f__Thalassarchaeaceae,g__MGIIb-O5,s__MGIIb-O5 sp002718995
GCA_902563095.1,t,d__Archaea,p__Thermoplasmatota,c__Poseidoniia,o__Poseidoniales,f__Poseidoniaceae,g__MGIIa-K1,s__MGIIa-K1 sp902563095
GCA_002496925.1,f,d__Archaea,p__Thermoplasmatota,c__Poseidoniia,o__Poseidoniales,f__Thalassarchaeaceae,g__MGIIb-O2,s__MGIIb-O2 sp002686525
GCA_029241965.1,t,d__Archaea,p__Halobacteriota,c__Syntropharchaeia,o__Alkanophagales,f__Methanospirareceae,g__QENJ01,s__QENJ01 sp029241965
GCA_005878525.1,t,d__Archaea,p__Thermoplasmatota,c__Thermoplasmata,o__RBG-16-68-12,f__RBG-16-68-12,g__RBG-16-68-12,s__RBG-16-68-12 sp005878525
GCA_029776055.1,f,d__Archaea,p__Thermoproteota,c__Nitrososphaeria,o__JACIWG01,f__JACIWG01,g__JACIWG01,s__JACIWG01 sp029776125
GCA_016180275.1,t,d__Archaea,p__Nanoarchaeota,c__Nanoarchaeia,o__Woesearchaeales,f__UBA10200,g__UBA10200,s__UBA10200 sp016180275
GCA_013330935.1,f,d__Archaea,p__Thermoproteota,c__Bathyarchaeia,o__Bathyarchaeales,f__UBA233,g__UBA11855,s__UBA11855 sp11852u
GCA_003557905.1,t,d__Archaea,p__Thermoplasmatota,c__Thermoplasmata,o__Methanomassiliicoccales,f__Methanomethylophilaceae,g__PWHV01,s__PWHV01 sp003557905
GCA_018676855.1,t,d__Archaea,p__Nanoarchaeota,c__Nanoarchaeia,o__Woesearchaeales,f__GW2011-AR9,g__PCYB01,s__PCYB01 sp018676855
GCA_026626905.1,t,d__Archaea,p__Thermoproteota,c__Thermoprotei_A,o__Sulfolobales,f__Desulfurococcaceae,g__Desulfurococcus,s__Desulfurococcus sp026626905
GCA_027337315.1,f,d__Archaea,p__Micrarchaeota,c__Micrarchaeia,o__Micrarchaeales,f__Micrarchaeaceae,g__JAMCYB01,s__JAMCYB01 sp021797575
GCA_016198705.1,t,d__Archaea,p__Aenigmatarchaeota,c__Aenigmatarchaeia,o__CG10238-14,f__SCSR01,g__JACQIA01,s__JACQIA01 sp016198705
GCA_018651755.1,f,d__Archaea,p__Nanoarchaeota,c__Nanoarchaeia,o__Woesearchaeales,f__GW2011-AR15,g__GW2011-AR15,s__GW2011-AR15 sp018657065
GCA_013538695.1,f,d__Archaea,p__Thermoproteota,c__Nitrososphaeria,o__Nitrososphaerales,f__Nitrosocaldaceae,g__Nitrosocaldus,s__Nitrosocaldus schleperae
GCF_903989535.1,f,d__Archaea,p__Halobacteriota,c__Halobacteria,o__Halobacteriales,f__Haloferacaceae,g__Haloquadratum,s__Haloquadratum walsbyi
GCF_028681455.1,f,d__Archaea,p__Halobacteriota,c__Methanomicrobia,o__Methanomicrobiales,f__Methanoculleaceae,g__Methanoculleus,s__Methanoculleus sp002506585
GCA_021161205.1,f,d__Archaea,p__Thermoproteota,c__Bathyarchaeia,o__Bathyarchaeales,f__UBA233,g__PIYF01,s__PIYF01 sp003601875
GCA_023267915.1,f,d__Archaea,p__Thermoproteota,c__Nitrososphaeria_A,o__Caldarchaeales,f__Wolframiiraptoraceae,g__Wolframiiraptor,s__Wolframiiraptor sinensis
GCA_027379195.1,f,d__Archaea,p__Thermoplasmatota,c__Thermoplasmata,o__Sysuiplasmatales,f__Sysuiplasmataceae,g__Sysuiplasma,s__Sysuiplasma acidicola
GCA_016840245.1,t,d__Archaea,p__Asgardarchaeota,c__Thorarchaeia,o__Thorarchaeales,f__Thorarchaeaceae,g__YT-029,s__YT-029 sp016840245
GCA_021829215.1,f,d__Archaea,p__Thermoplasmatota,c__Thermoplasmata,o__Thermoplasmatales,f__Thermoplasmataceae,g__GCA-000496135,s__GCA-000496135 sp021818675
GCF_902763115.1,f,d__Archaea,p__Methanobacteriota,c__Methanobacteria,o__Methanobacteriales,f__Methanobacteriaceae,g__Methanobrevibacter_A,s__Methanobrevibacter_A sp900314695
GCA_002507025.1,f,d__Archaea,p__Methanobacteriota,c__Methanobacteria,o__Methanobacteriales,f__Methanobacteriaceae,g__Methanobacterium_C,s__Methanobacterium_C sp002498385
GCA_028276065.1,f,d__Archaea,p__Thermoproteota,c__Thermoprotei,o__Thermoproteales,f__Thermoproteaceae,g__Pyrobaculum,s__Pyrobaculum sp009903905
GCA_003022745.1,t,d__Archaea,p__Halobacteriota,c__Halobacteria,o__Halobacteriales,f__Haloarculaceae,g__SW-9-67-25,s__SW-9-67-25 sp003022745
GCA_019323135.1,t,d__Archaea,p__Nanoarchaeota,c__Nanoarchaeia,o__Woesearchaeales,f__ARS49,g__WJJT01,s__WJJT01 sp019323135
GCF_000980135.1,f,d__Archaea,p__Halobacteriota,c__Methanosarcinia,o__Methanosarcinales,f__Methanosarcinaceae,g__Methanosarcina,s__Methanosarcina mazei
GCA_030747695.1,t,d__Archaea,p__Thermoplasmatota,c__Poseidoniia,o__Poseidoniales,f__Poseidoniaceae,g__MGIIa-K1,s__MGIIa-K1 sp030747695
GCA_027374085.1,f,d__Archaea,p__Thermoplasmatota,c__Thermoplasmata,o__Thermoplasmatales,f__GCA-001856825,g__GCA-001856825,s__GCA-001856825 sp023379555
GCA_002505405.1,t,d__Archaea,p__Thermoplasmatota,c__Poseidoniia,o__Poseidoniales,f__Poseidoniaceae,g__Poseidonia,s__Poseidonia alphae
GCA_002498125.1,t,d__Archaea,p__Nanoarchaeota,c__Nanoarchaeia,o__Woesearchaeales,f__UBA525,g__UBA525,s__UBA525 sp002498125
GCA_027366155.1,t,d__Archaea,p__Micrarchaeota,c__Micrarchaeia,o__Micrarchaeales,f__CABMGC01,g__JAJZIZ01,s__JAJZIZ01 sp027366155
GCA_030055635.1,t,d__Archaea,p__Halobacteriota,c__Methanosarcinia,o__Methanotrichales,f__Methanotrichaceae,g__Methanothrix_B,s__Methanothrix_B sp030055635
GCA_030648155.1,t,d__Archaea,p__Nanoarchaeota,c__Nanoarchaeia,o__Pacearchaeales,f__GW2011-AR1,g__JAUSIK01,s__JAUSIK01 sp030648155
GCA_027377945.1,f,d__Archaea,p__Thermoplasmatota,c__Thermoplasmata,o__UBA184,f__UBA184,g__UBA184,s__UBA184 sp021826685
GCF_900110535.1,t,d__Archaea,p__Halobacteriota,c__Halobacteria,o__Halobacteriales,f__Halobacteriaceae,g__Halobacterium,s__Halobacterium jilantaiense
GCA_002923215.1,t,d__Archaea,p__Hydrothermarchaeota,c__Hydrothermarchaeia,o__Hydrothermarchaeales,f__SZUA-236,g__SZUA-236,s__SZUA-236 sp002923215
GCA_028370815.1,f,d__Archaea,p__Thermoproteota,c__Nitrososphaeria,o__Nitrososphaerales,f__Nitrosopumilaceae,g__Nitrosopelagicus,s__Nitrosopelagicus sp028345195
GCA_027349895.1,f,d__Archaea,p__Micrarchaeota,c__Micrarchaeia,o__Micrarchaeales,f__Micrarchaeaceae,g__JAKAWW01,s__JAKAWW01 sp021816895
GCA_000805935.1,f,d__Archaea,p__Nanoarchaeota,c__Nanoarchaeia,o__Woesearchaeales,f__GW2011-AR9,g__GW2011-AR9,s__GW2011-AR9 sp10194u
GCA_013330015.1,t,d__Archaea,p__Thermoplasmatota,c__Poseidoniia,o__Poseidoniales,f__Poseidoniaceae,g__MGIIa-L2,s__MGIIa-L2 sp8574u
GCA_903916665.1,t,d__Archaea,p__Iainarchaeota,c__Iainarchaeia,o__0-14-0-20-30-16,f__0-14-0-20-30-16,g__0-14-0-20-30-16,s__0-14-0-20-30-16 sp903916665
GCA_023256115.1,t,d__Archaea,p__Aenigmatarchaeota,c__Aenigmatarchaeia,o__CG10238-14,f__SpSt-28,g__JAHLMO01,s__JAHLMO01 sp023256115
GCA_028717785.1,t,d__Archaea,p__Nanoarchaeota,c__Nanoarchaeia,o__SCGC-AAA011-G17,f__JAFCDX01,g__JAHIVQ01,s__JAHIVQ01 sp028717785
GCA_021160575.1,t,d__Archaea,p__Thermoproteota,c__Methanomethylicia,o__Methanomethylicales,f__JAGHCH01,g__JAGHCH01,s__JAGHCH01 sp021160575
GCF_000979475.1,f,d__Archaea,p__Halobacteriota,c__Methanosarcinia,o__Methanosarcinales,f__Methanosarcinaceae,g__Methanosarcina,s__Methanosarcina sp000979455
GCA_021828155.1,t,d__Archaea,p__Micrarchaeota,c__Micrarchaeia,o__Micrarchaeales,f__Micrarchaeaceae,g__JAMCYM01,s__JAMCYM01 sp021828155
GCA_001316125.1,t,d__Archaea,p__Thermoproteota,c__Thermoprotei,o__Thermoproteales,f__Thermocladiaceae,g__Vulcanisaeta,s__Vulcanisaeta distributa_C
GCA_003601835.1,t,d__Archaea,p__Thermoproteota,c__Bathyarchaeia,o__Bathyarchaeales,f__B26-1,g__PIYB01,s__PIYB01 sp003601835
GCA_001742785.1,t,d__Archaea,p__Altiarchaeota,c__Altiarchaeia,o__IMC4,f__IMC4,g__IMC4,s__IMC4 sp001742785
GCA_028275045.1,f,d__Archaea,p__Halobacteriota,c__Halobacteria,o__Halobacteriales,f__Haloferacaceae,g__Haloquadratum,s__Haloquadratum walsbyi_A
GCA_023484805.1,t,d__Archaea,p__Thermoplasmatota,c__Thermoplasmata,o__Thermoplasmatales,f__Thermoplasmataceae,g__B-DKE,s__B-DKE sp023484805
GCF_000979665.1,f,d__Archaea,p__Halobacteriota,c__Methanosarcinia,o__Methanosarcinales,f__Methanosarcinaceae,g__Methanosarcina,s__Methanosarcina mazei
GCA_018669025.1,f,d__Archaea,p__Thermoproteota,c__Nitrososphaeria,o__Nitrososphaerales,f__Nitrosopumilaceae,g__Nitrosopumilus,s__Nitrosopumilus sp018674605
GCA_021826525.1,t,d__Archaea,p__Thermoplasmatota,c__Thermoplasmata,o__UBA184,f__UBA184,g__UBA184,s__UBA184 sp021826525
GCA_027366975.1,f,d__Archaea,p__Thermoplasmatota,c__Thermoplasmata,o__Thermoplasmatales,f__Thermoplasmataceae,g__Cuniculiplasma,s__Cuniculiplasma divulgatum
GCA_013330135.1,f,d__Archaea,p__Thermoplasmatota,c__Poseidoniia,o__Poseidoniales,f__Thalassarchaeaceae,g__MGIIb-O5,s__MGIIb-O5 sp002499345
GCF_018379875.1,f,d__Archaea,p__Methanobacteriota,c__Methanobacteria,o__Methanobacteriales,f__Methanobacteriaceae,g__Methanobrevibacter_A,s__Methanobrevibacter_A smithii
GCA_007571225.1,t,d__Archaea,p__Thermoproteota,c__Nitrososphaeria,o__Nitrososphaerales,f__Nitrosopumilaceae,g__Nitrosopumilus,s__Nitrosopumilus sp007571225
GCF_005435235.1,f,d__Archaea,p__Halobacteriota,c__Halobacteria,o__Halobacteriales,f__Haloferacaceae,g__Halorubrum,s__Halorubrum ezzemoulense
GCA_027077895.1,t,d__Archaea,p__B1Sed10-29,c__B1Sed10-29,o__WALL01,f__WAMD01,g__JALWQZ01,s__JALWQZ01 sp027077895
GCA_902789715.1,f,d__Archaea,p__Methanobacteriota,c__Methanobacteria,o__Methanobacteriales,f__Methanobacteriaceae,g__Methanobrevibacter,s__Methanobrevibacter sp900314635
GCF_009861625.1,f,d__Archaea,p__Thermoproteota,c__Nitrososphaeria,o__Nitrososphaerales,f__Nitrososphaeraceae,g__Nitrosocosmicus,s__Nitrosocosmicus sp008389435
GCA_027370815.1,f,d__Archaea,p__Nanoarchaeota,c__Nanoarchaeia,o__Parvarchaeales,f__Parvarchaeaceae,g__JAKATQ01,s__JAKATQ01 sp021818665
GCA_002737445.1,t,d__Archaea,p__Thermoproteota,c__Nitrososphaeria,o__Nitrososphaerales,f__Nitrosopumilaceae,g__Nitrosarchaeum,s__Nitrosarchaeum sp002737445
GCA_022729375.1,f,d__Archaea,p__Nanohaloarchaeota,c__Nanosalinia,o__Nanosalinales,f__Nanosalinaceae,g__B1-Br10-U2g21,s__B1-Br10-U2g21 sp001564145
GCA_024275415.1,t,d__Archaea,p__Asgardarchaeota,c__Thorarchaeia,o__Thorarchaeales,f__Thorarchaeaceae,g__MP5-2226,s__MP5-2226 sp024275415
GCA_027076855.1,f,d__Archaea,p__Thermoproteota,c__Nitrososphaeria,o__Conexivisphaerales,f__Conexivisphaeraceae,g__WALT01,s__WALT01 sp015522695
GCA_002495815.1,f,d__Archaea,p__Thermoplasmatota,c__Poseidoniia,o__Poseidoniales,f__Thalassarchaeaceae,g__MGIIb-O5,s__MGIIb-O5 sp002498925
GCA_002502055.1,f,d__Archaea,p__Thermoplasmatota,c__Poseidoniia,o__Poseidoniales,f__Thalassarchaeaceae,g__MGIIb-O1,s__MGIIb-O1 sp002498725
GCA_026014485.1,t,d__Archaea,p__Thermoproteota,c__Bathyarchaeia,o__Bathyarchaeales,f__UBA233,g__JADGNF01,s__JADGNF01 sp026014485
GCA_027373595.1,f,d__Archaea,p__Thermoplasmatota,c__Thermoplasmata,o__Thermoplasmatales,f__GCA-001856825,g__GCA-001856825,s__GCA-001856825 sp001856825
GCA_031200235.1,t,d__Archaea,p__Thermoplasmatota,c__Thermoplasmata,o__Thermoplasmatales,f__Thermoplasmataceae,g__UBA509,s__UBA509 sp002498845
GCA_015520595.1,f,d__Archaea,p__Thermoplasmatota,c__Thermoplasmata,o__Aciduliprofundales,f__Aciduliprofundaceae,g__Aciduliprofundum,s__Aciduliprofundum boonei
GCA_013331625.1,t,d__Archaea,p__Iainarchaeota,c__Iainarchaeia,o__Iainarchaeales,f__Iainarchaeaceae,g__UBA10205,s__UBA10205 sp10205u
GCA_029785255.1,f,d__Archaea,p__Thermoproteota,c__Nitrososphaeria,o__Nitrososphaerales,f__UBA183,g__UBA183,s__UBA183 sp021800855
GCA_003661385.1,t,d__Archaea,p__Thermoproteota,c__Korarchaeia,o__Korarchaeales,f__B14-G2,g__B14-G2,s__B14-G2 sp003661385
GCA_003663345.1,t,d__Archaea,p__Aenigmatarchaeota,c__Aenigmatarchaeia,o__PWEA01,f__B50-G16,g__B50-G16,s__B50-G16 sp003663345
GCA_017608805.1,f,d__Archaea,p__Iainarchaeota,c__Iainarchaeia,o__Iainarchaeales,f__DTGL01,g__JAFCFP01,s__JAFCFP01 sp017608575
GCA_001507955.1,t,d__Archaea,p__Methanobacteriota,c__Methanobacteria,o__Methanobacteriales,f__DSM-23052,g__Methanothermobacter_A,s__Methanothermobacter_A sp001507955
GCA_002010285.1,t,d__Archaea,p__Halobacteriota,c__Archaeoglobi,o__Archaeoglobales,f__Archaeoglobaceae,g__JdFR-41,s__JdFR-41 sp002010285
GCA_027343065.1,f,d__Archaea,p__Micrarchaeota,c__Micrarchaeia,o__Micrarchaeales,f__CABMGC01,g__JAJZND01,s__JAJZND01 sp021803245
GCA_023269965.1,t,d__Archaea,p__Nanoarchaeota,c__Nanoarchaeia,o__Parvarchaeales,f__Parvarchaeaceae,g__Acidifodinimicrobium,s__Acidifodinimicrobium sp023269965
GCA_030615805.1,t,d__Archaea,p__Hadarchaeota,c__Hadarchaeia,o__Hadarchaeales,f__Hadarchaeaceae,g__DG-33,s__DG-33 sp030615805
GCA_023379825.1,t,d__Archaea,p__Thermoplasmatota,c__Thermoplasmata,o__Thermoplasmatales,f__Thermoplasmataceae,g__UBA447,s__UBA447 sp023379825
GCA_028691435.1,t,d__Archaea,p__Iainarchaeota,c__Iainarchaeia,o__Iainarchaeales,f__JAAZKV01,g__JABIDZ01,s__JABIDZ01 sp028691435
GCF_000979375.1,f,d__Archaea,p__Halobacteriota,c__Methanosarcinia,o__Methanosarcinales,f__Methanosarcinaceae,g__Methanosarcina,s__Methanosarcina mazei
GCA_027367695.1,f,d__Archaea,p__Thermoplasmatota,c__Thermoplasmata,o__Thermoplasmatales,f__Thermoplasmataceae,g__Cuniculiplasma,s__Cuniculiplasma sp021816745
GCA_027379515.1,f,d__Archaea,p__Thermoplasmatota,c__Thermoplasmata,o__Thermoplasmatales,f__Thermoplasmataceae,g__JACWAH01,s__JACWAH01 sp023484105
GCA_027386985.1,f,d__Archaea,p__Thermoproteota,c__Nitrososphaeria,o__Nitrososphaerales,f__UBA183,g__BOG-1369,s__BOG-1369 sp021848045
GCF_000015145.1,t,d__Archaea,p__Thermoproteota,c__Thermoprotei_A,o__Sulfolobales,f__Pyrodictiaceae,g__Hyperthermus,s__Hyperthermus butylicus
GCA_023622745.1,f,d__Archaea,p__Methanobacteriota,c__Methanobacteria,o__Methanobacteriales,f__Methanothermobacteraceae,g__Methanothermobacter,s__Methanothermobacter wolfei
GCF_001261915.1,t,d__Archaea,p__Halobacteriota,c__Halobacteria,o__Halobacteriales,f__Haloferacaceae,g__Halorubrum,s__Halorubrum sp001261915
GCA_027250855.1,f,d__Archaea,p__Thermoplasmatota,c__Poseidoniia,o__Poseidoniales,f__Thalassarchaeaceae,g__MGIIb-O5,s__MGIIb-O5 sp002718995
GCA_003559395.1,t,d__Archaea,p__Iainarchaeota,c__Iainarchaeia,o__CSSED10-239,f__CSSED10-239,g__CSSED10-239,s__CSSED10-239 sp003559395
GCA_027333315.1,f,d__Archaea,p__Micrarchaeota,c__Micrarchaeia,o__Micrarchaeales,f__Micrarchaeaceae,g__JAKARM01,s__JAKARM01 sp021822165
GCF_903989505.1,f,d__Archaea,p__Halobacteriota,c__Halobacteria,o__Halobacteriales,f__Haloferacaceae,g__Haloquadratum,s__Haloquadratum walsbyi
GCA_029785375.1,t,d__Archaea,p__Thermoproteota,c__Nitrososphaeria,o__Nitrososphaerales,f__UBA183,g__UBA183,s__UBA183 sp029785375
GCF_900215575.1,t,d__Archaea,p__Halobacteriota,c__Halobacteria,o__Halobacteriales,f__Natronoarchaeaceae,g__Natronoarchaeum,s__Natronoarchaeum philippinense
GCA_002498985.1,t,d__Archaea,p__Thermoplasmatota,c__Poseidoniia,o__Poseidoniales,f__Thalassarchaeaceae,g__MGIIb-O2,s__MGIIb-O2 sp002498985
GCA_002505535.1,f,d__Archaea,p__Methanobacteriota,c__Methanobacteria,o__Methanobacteriales,f__Methanobacteriaceae,g__Methanobacterium_C,s__Methanobacterium_C sp002498385
GCA_027386455.1,f,d__Archaea,p__Thermoproteota,c__Nitrososphaeria,o__Nitrososphaerales,f__UBA183,g__UBA183,s__UBA183 sp021851265
GCA_027374855.1,f,d__Archaea,p__Nanoarchaeota,c__Nanoarchaeia,o__Parvarchaeales,f__Parvarchaeaceae,g__Parvarchaeum,s__Parvarchaeum sp021802505
GCA_029211045.1,f,d__Archaea,p__Halobacteriota,c__Methanosarcinia,o__Methanosarcinales,f__Methanosarcinaceae,g__DQIP01,s__DQIP01 sp023544565
GCA_027374695.1,f,d__Archaea,p__Nanoarchaeota,c__Nanoarchaeia,o__Parvarchaeales,f__Parvarchaeaceae,g__Parvarchaeum,s__Parvarchaeum sp021802505
GCF_022780185.1,f,d__Archaea,p__Methanobacteriota,c__Methanobacteria,o__Methanobacteriales,f__Methanobacteriaceae,g__Methanobrevibacter_A,s__Methanobrevibacter_A woesei
GCA_027382105.1,f,d__Archaea,p__Thermoplasmatota,c__Thermoplasmata,o__UBA184,f__UBA184,g__JAJYEA01,s__JAJYEA01 sp021809545
GCA_025517535.1,f,d__Archaea,p__Halobacteriota,c__Halobacteria,o__Halobacteriales,f__Haloarculaceae,g__Halapricum,s__Halapricum sp025517565
GCA_021798055.1,f,d__Archaea,p__Thermoplasmatota,c__Thermoplasmata,o__Thermoplasmatales,f__Thermoplasmataceae,g__JACWAH01,s__JACWAH01 sp023484105
GCA_021163065.1,t,d__Archaea,p__Halobacteriota,c__Archaeoglobi,o__Archaeoglobales,f__Archaeoglobaceae,g__B5-G16,s__B5-G16 sp021163065
GCA_029987395.1,t,d__Archaea,p__Halobacteriota,c__Methanomicrobia,o__Methanomicrobiales,f__Methanocorpusculaceae,g__Methanocorpusculum,s__Methanocorpusculum sp029987395
GCA_014859805.1,t,d__Archaea,p__Thermoproteota,c__Bathyarchaeia,o__Bathyarchaeales,f__UBA233,g__SOJA01,s__SOJA01 sp014859805
GCA_016919625.1,t,d__Archaea,p__Thermoplasmatota,c__Thermoplasmata,o__Methanomassiliicoccales,f__UBA472,g__JACXTP01,s__JACXTP01 sp016919625
GCF_000979555.1,f,d__Archaea,p__Halobacteriota,c__Methanosarcinia,o__Methanosarcinales,f__Methanosarcinaceae,g__Methanosarcina,s__Methanosarcina mazei
GCA_027368625.1,f,d__Archaea,p__Thermoplasmatota,c__Thermoplasmata,o__Thermoplasmatales,f__Thermoplasmataceae,g__JAJZOT01,s__JAJZOT01 sp021801305
GCA_021802335.1,f,d__Archaea,p__Thermoplasmatota,c__Thermoplasmata,o__Thermoplasmatales,f__Thermoplasmataceae,g__JAJZOM01,s__JAJZOM01 sp021810045
GCA_027013395.1,f,d__Archaea,p__Thermoproteota,c__Thermoprotei_A,o__Sulfolobales,f__Desulfurococcaceae,g__JAADCY01,s__JAADCY01 sp027022365
GCA_016187395.1,t,d__Archaea,p__Aenigmatarchaeota,c__Aenigmatarchaeia,o__GW2011-AR5,f__JACRAC01,g__JACPJV01,s__JACPJV01 sp016187395
GCA_027374355.1,f,d__Archaea,p__Thermoplasmatota,c__Thermoplasmata,o__Sysuiplasmatales,f__Sysuiplasmataceae,g__Sysuiplasma,s__Sysuiplasma jiujiangense
GCA_009994485.1,f,d__Archaea,p__Iainarchaeota,c__Iainarchaeia,o__CSSED10-239,f__CSSED10-239,g__Forterrea,s__Forterrea multitransposorum
GCA_023140175.1,t,d__Archaea,p__Nanoarchaeota,c__Nanoarchaeia,o__Woesearchaeales,f__WJIZ01,g__WJIZ01,s__WJIZ01 sp023140175
GCA_021798355.1,t,d__Archaea,p__Nanoarchaeota,c__Nanoarchaeia,o__Parvarchaeales,f__Parvarchaeaceae,g__Parvarchaeum,s__Parvarchaeum sp021798355
GCA_018672175.1,f,d__Archaea,p__Thermoplasmatota,c__Poseidoniia,o__Poseidoniales,f__Poseidoniaceae,g__MGIIa-L1,s__MGIIa-L1 sp018667575
GCA_003650545.1,t,d__Archaea,p__Nanoarchaeota,c__Nanoarchaeia,o__Woesearchaeales,f__B72-G16,g__B72-G16,s__B72-G16 sp003650545
GCA_027013765.1,t,d__Archaea,p__Thermoproteota,c__Thermoprotei_A,o__Sulfolobales,f__Acidilobaceae,g__S012-22,s__S012-22 sp027013765
GCA_027367125.1,f,d__Archaea,p__Thermoplasmatota,c__Thermoplasmata,o__Thermoplasmatales,f__Thermoplasmataceae,g__Cuniculiplasma,s__Cuniculiplasma sp021816745
GCA_027316315.1,f,d__Archaea,p__Thermoplasmatota,c__Thermoplasmata,o__Thermoplasmatales,f__Thermoplasmataceae,g__UBA447,s__UBA447 sp002503205
GCA_004524545.1,t,d__Archaea,p__Asgardarchaeota,c__Lokiarchaeia,o__Sigynarchaeales,f__MK-D1,g__AMARA-1,s__AMARA-1 sp004524545
GCA_029459885.1,f,d__Archaea,p__Thermoproteota,c__Nitrososphaeria,o__Nitrososphaerales,f__UBA57,g__B1T1B5,s__B1T1B5 sp027295865
GCA_002497315.1,f,d__Archaea,p__Thermoplasmatota,c__Poseidoniia,o__Poseidoniales,f__Thalassarchaeaceae,g__MGIIb-O5,s__MGIIb-O5 sp002730095
GCA_029258795.1,t,d__Archaea,p__EX4484-52,c__EX4484-52,o__EX4484-52,f__WAPT01,g__WAPT01,s__WAPT01 sp029258795
GCA_030599585.1,t,d__Archaea,p__Asgardarchaeota,c__Lokiarchaeia,o__Sigynarchaeales,f__SOKP01,g__SOKP01,s__SOKP01 sp030599585
GCA_016839265.1,t,d__Archaea,p__Asgardarchaeota,c__Odinarchaeia,o__Odinarchaeales,f__Odinarchaeaceae,g__Odinarchaeum,s__Odinarchaeum sp016839265
GCA_021628965.1,f,d__Archaea,p__Thermoplasmatota,c__Thermoplasmata,o__Methanomassiliicoccales,f__Methanomethylophilaceae,g__UBA71,s__UBA71 sp905187815
GCA_003164295.1,t,d__Archaea,p__Thermoproteota,c__Bathyarchaeia,o__Bathyarchaeales,f__UBA233,g__Termiticorpusculum,s__Termiticorpusculum sp003164295
GCA_025960485.1,f,d__Archaea,p__Asgardarchaeota,c__Heimdallarchaeia,o__Heimdallarchaeales,f__Heimdallarchaeaceae,g__18H4-34,s__18H4-34 sp023705985
GCA_003021085.1,t,d__Archaea,p__Halobacteriota,c__Halobacteria,o__Halobacteriales,f__PXRE01,g__PXRE01,s__PXRE01 sp003021085
GCA_022450565.1,t,d__Archaea,p__Thermoproteota,c__Nitrososphaeria,o__Nitrososphaerales,f__Nitrosopumilaceae,g__Nitrosopelagicus,s__Nitrosopelagicus sp022450565
GCA_013330455.1,f,d__Archaea,p__Nanoarchaeota,c__Nanoarchaeia,o__Woesearchaeales,f__UBA12501,g__UBA12501,s__UBA12501 sp10192u
GCA_027460615.1,t,d__Archaea,p__Halobacteriota,c__Methanosarcinia,o__Methanosarcinales,f__Methanoperedenaceae,g__Methanoperedens,s__Methanoperedens sp027460615
GCA_002710015.1,t,d__Archaea,p__Thermoplasmatota,c__Poseidoniia,o__Poseidoniales,f__Poseidoniaceae,g__MGIIa-K1,s__MGIIa-K1 sp002710015
GCA_018667675.1,f,d__Archaea,p__Thermoplasmatota,c__Poseidoniia,o__Poseidoniales,f__Poseidoniaceae,g__MGIIa-L1,s__MGIIa-L1 sp018662825
GCA_029985575.1,f,d__Archaea,p__Halobacteriota,c__Methanomicrobia,o__Methanomicrobiales,f__Methanocorpusculaceae,g__Methanocorpusculum,s__Methanocorpusculum faecipullorum
GCA_012961645.1,t,d__Archaea,p__Halobacteriota,c__Methanosarcinia,o__Methanosarcinales,f__Methanogasteraceae,g__Methanogaster,s__Methanogaster sp012961645
GCA_018658785.1,f,d__Archaea,p__Thermoproteota,c__Nitrososphaeria,o__Nitrososphaerales,f__Nitrosopumilaceae,g__Nitrosopelagicus,s__Nitrosopelagicus sp018647405
GCA_016931175.1,t,d__Archaea,p__Nanoarchaeota,c__Nanoarchaeia,o__Tiddalikarchaeales,f__Tiddalikarchaeaceae,g__CG07-land,s__CG07-land sp016931175
GCA_946528255.1,t,d__Archaea,p__Thermoplasmatota,c__Thermoplasmata,o__Methanomassiliicoccales,f__Methanomethylophilaceae,g__UBA71,s__UBA71 sp946528255
GCA_020056045.1,t,d__Archaea,p__Nanoarchaeota,c__Nanoarchaeia,o__Pacearchaeales,f__GW2011-AR1,g__CABMGE01,s__CABMGE01 sp020056045
GCA_021817005.1,t,d__Archaea,p__Thermoproteota,c__Thermoprotei_A,o__Marsarchaeales,f__Marsarchaeaceae,g__JAKAWJ01,s__JAKAWJ01 sp021817005
GCA_003554465.1,t,d__Archaea,p__Nanoarchaeota,c__Nanoarchaeia,o__Pacearchaeales,f__GW2011-AR1,g__PWGL01,s__PWGL01 sp003554465
GCA_002501985.1,f,d__Archaea,p__Undinarchaeota,c__Undinarchaeia,o__Undinarchaeales,f__Undinarchaeaceae,g__Undinarchaeum,s__Undinarchaeum sp002687935
GCA_903926075.1,t,d__Archaea,p__Halobacteriota,c__Methanomicrobia,o__Methanomicrobiales,f__Methanospirillaceae,g__CAIYHQ01,s__CAIYHQ01 sp903926075
GCA_010030375.1,f,d__Archaea,p__Thermoproteota,c__Nitrososphaeria,o__Nitrososphaerales,f__Nitrosopumilaceae,g__Nitrosotenuis,s__Nitrosotenuis sp010028495
GCA_018303945.1,t,d__Archaea,p__Nanoarchaeota,c__Nanoarchaeia,o__Pacearchaeales,f__GW2011-AR1,g__JAGVXD01,s__JAGVXD01 sp018303945
GCA_027014105.1,f,d__Archaea,p__Thermoproteota,c__Thermoprotei_A,o__Sulfolobales,f__Desulfurococcaceae,g__WAON01,s__WAON01 sp027002875
GCA_027379675.1,f,d__Archaea,p__Thermoplasmatota,c__Thermoplasmata,o__Thermoplasmatales,f__Thermoplasmataceae,g__JAKAFX01,s__JAKAFX01 sp021785735
GCA_027377115.1,f,d__Archaea,p__Thermoplasmatota,c__Thermoplasmata,o__UBA184,f__UBA184,g__UBA184,s__UBA184 sp021791335
GCA_002762915.1,t,d__Archaea,p__Nanoarchaeota,c__Nanoarchaeia,o__Woesearchaeales,f__21-14-0-10-32-9,g__21-14-0-10-32-9,s__21-14-0-10-32-9 sp002762915
GCA_015063235.1,t,d__Archaea,p__Thermoplasmatota,c__Thermoplasmata,o__Methanomassiliicoccales,f__Methanomethylophilaceae,g__UBA71,s__UBA71 sp015063235
GCA_902514485.1,t,d__Archaea,p__Thermoplasmatota,c__Poseidoniia,o__Poseidoniales,f__Thalassarchaeaceae,g__MGIIb-O2,s__MGIIb-O2 sp902514485
GCA_023266895.1,t,d__Archaea,p__Nanoarchaeota,c__Nanoarchaeia,o__Woesearchaeales,f__ARS49,g__JAHFOI01,s__JAHFOI01 sp023266895
GCF_000979655.1,f,d__Archaea,p__Halobacteriota,c__Methanosarcinia,o__Methanosarcinales,f__Methanosarcinaceae,g__Methanosarcina,s__Methanosarcina mazei
GCA_013328985.1,f,d__Archaea,p__Nanoarchaeota,c__Nanoarchaeia,o__Woesearchaeales,f__GW2011-AR4,g__GW2011-AR11,s__GW2011-AR11 sp12027u
GCA_026127935.1,t,d__Archaea,p__Thermoplasmatota,c__Thermoplasmata,o__Thermoplasmatales,f__GCA-001856825,g__GCA-001856825,s__GCA-001856825 sp026127935
GCA_022572765.1,f,d__Archaea,p__Thermoproteota,c__Nitrososphaeria,o__Nitrososphaerales,f__Nitrosopumilaceae,g__Nitrosopumilus,s__Nitrosopumilus sp013390905
GCA_029548345.1,f,d__Archaea,p__Halobacteriota,c__Methanomicrobia,o__Methanomicrobiales,f__Methanospirillaceae,g__Methanolinea_A,s__Methanolinea_A sp030019395
GCA_002509745.1,f,d__Archaea,p__Methanobacteriota,c__Methanobacteria,o__Methanobacteriales,f__Methanobacteriaceae,g__UBA349,s__UBA349 sp002509745
GCA_030016755.1,t,d__Archaea,p__Hadarchaeota,c__Hadarchaeia,o__Hadarchaeales,f__Hadarchaeaceae,g__JASEJC01,s__JASEJC01 sp030016755
GCA_027376415.1,f,d__Archaea,p__Thermoplasmatota,c__Thermoplasmata,o__UBA184,f__UBA184,g__JAJYEA01,s__JAJYEA01 sp021809545
GCA_027370295.1,f,d__Archaea,p__Nanoarchaeota,c__Nanoarchaeia,o__Parvarchaeales,f__Parvarchaeaceae,g__JAJZLM01,s__JAJZLM01 sp021802105
GCF_002215305.1,f,d__Archaea,p__Halobacteriota,c__Halobacteria,o__Halobacteriales,f__Haloferacaceae,g__Halorubrum,s__Halorubrum lacusprofundi
GCA_016840385.1,t,d__Archaea,p__Asgardarchaeota,c__Thorarchaeia,o__Thorarchaeales,f__Thorarchaeaceae,g__MP8T-1,s__MP8T-1 sp016840385
GCA_903828975.1,t,d__Archaea,p__Halobacteriota,c__Methanomicrobia,o__Methanomicrobiales,f__Methanospirillaceae,g__CAIKOD01,s__CAIKOD01 sp903828975
GCA_002497385.1,f,d__Archaea,p__Thermoplasmatota,c__Poseidoniia,o__Poseidoniales,f__Poseidoniaceae,g__MGIIa-L3,s__MGIIa-L3 sp002722135
GCA_018670175.1,f,d__Archaea,p__Thermoplasmatota,c__Poseidoniia,o__Poseidoniales,f__Thalassarchaeaceae,g__MGIIb-O2,s__MGIIb-O2 sp002494975
GCA_030747325.1,f,d__Archaea,p__Thermoplasmatota,c__Poseidoniia,o__MGIII,f__CG-Epi1,g__UBA8886,s__UBA8886 sp002509165
GCF_001315825.1,f,d__Archaea,p__Thermoproteota,c__Thermoprotei_A,o__Sulfolobales,f__Sulfolobaceae,g__Metallosphaera,s__Metallosphaera hakonensis
GCA_027333045.1,f,d__Archaea,p__Micrarchaeota,c__Micrarchaeia,o__Micrarchaeales,f__Micrarchaeaceae,g__JAMCYW01,s__JAMCYW01 sp021792395
GCA_027375555.1,f,d__Archaea,p__Thermoplasmatota,c__Thermoplasmata,o__Thermoplasmatales,f__Thermoplasmataceae,g__Ferroplasma,s__Ferroplasma acidarmanus
GCA_937897875.1,t,d__Archaea,p__Thermoproteota,c__Nitrososphaeria,o__Nitrososphaerales,f__Nitrosopumilaceae,g__Nitrosopumilus,s__Nitrosopumilus sp937897875
GCA_027314465.1,t,d__Archaea,p__Micrarchaeota,c__Micrarchaeia,o__Micrarchaeales,f__CABMGC01,g__JAJZNA01,s__JAJZNA01 sp027314465
GCA_031283015.1,t,d__Archaea,p__Thermoplasmatota,c__Thermoplasmata,o__Methanomassiliicoccales,f__Methanomethylophilaceae,g__Methanoplasma,s__Methanoplasma sp031283015
GCF_002727095.1,f,d__Archaea,p__Halobacteriota,c__Halobacteria,o__Halobacteriales,f__Haloferacaceae,g__Halorubrum,s__Halorubrum ezzemoulense
GCA_026014805.1,t,d__Archaea,p__Thermoproteota,c__Bathyarchaeia,o__Bathyarchaeales,f__SOJC01,g__JAGLZW01,s__JAGLZW01 sp026014805
GCA_003601785.1,t,d__Archaea,p__Thermoproteota,c__Bathyarchaeia,o__Bathyarchaeales,f__UBA233,g__PIYA01,s__PIYA01 sp003601785
GCA_018304325.1,t,d__Archaea,p__Nanoarchaeota,c__Nanoarchaeia,o__Pacearchaeales,f__GW2011-AR1,g__MNVX01,s__MNVX01 sp018304325
GCF_000979455.1,t,d__Archaea,p__Halobacteriota,c__Methanosarcinia,o__Methanosarcinales,f__Methanosarcinaceae,g__Methanosarcina,s__Methanosarcina sp000979455
GCA_027346305.1,f,d__Archaea,p__Thermoplasmatota,c__Thermoplasmata,o__Thermoplasmatales,f__Thermoplasmataceae,g__Cuniculiplasma,s__Cuniculiplasma sp021794355
GCA_029250325.1,f,d__Archaea,p__Thermoplasmatota,c__Poseidoniia,o__Poseidoniales,f__Poseidoniaceae,g__MGIIa-L1,s__MGIIa-L1 sp029250305
GCA_027337625.1,f,d__Archaea,p__Micrarchaeota,c__Micrarchaeia,o__Micrarchaeales,f__Micrarchaeaceae,g__JAMCYB01,s__JAMCYB01 sp021827525
GCA_902772665.1,t,d__Archaea,p__Methanobacteriota,c__Methanobacteria,o__Methanobacteriales,f__Methanobacteriaceae,g__Methanobrevibacter_A,s__Methanobrevibacter_A sp902772665
GCA_017613335.1,t,d__Archaea,p__Halobacteriota,c__Methanosarcinia,o__Methanosarcinales,f__Methanosarcinaceae,g__Methanimicrococcus,s__Methanimicrococcus sp017613335
GCA_003551945.1,t,d__Archaea,p__Halobacteriota,c__Halobacteria,o__Halobacteriales,f__Haloarculaceae,g__Halovenus,s__Halovenus sp003551945
GCA_030748895.1,t,d__Archaea,p__Thermoplasmatota,c__Poseidoniia,o__MGIII,f__CG-Epi1,g__UBA8886,s__UBA8886 sp002509165
GCA_023484115.1,f,d__Archaea,p__Thermoplasmatota,c__Thermoplasmata,o__Thermoplasmatales,f__Thermoplasmataceae,g__B-DKE,s__B-DKE sp021793945
GCA_026396375.1,t,d__Archaea,p__Micrarchaeota,c__Micrarchaeia,o__Anstonellales,f__J096,g__JAPLWW01,s__JAPLWW01 sp026396375
GCA_027376985.1,f,d__Archaea,p__Thermoplasmatota,c__Thermoplasmata,o__UBA184,f__UBA184,g__UBA184,s__UBA184 sp021791335
GCA_020029155.1,f,d__Archaea,p__Thermoproteota,c__Nitrososphaeria,o__Nitrososphaerales,f__Nitrososphaeraceae,g__TA-21,s__TA-21 sp014523495
GCA_015520895.1,t,d__Archaea,p__EX4484-52,c__EX4484-52,o__EX4484-52,f__JAADEF01,g__JAADEF01,s__JAADEF01 sp015520895
GCA_016930995.1,t,d__Archaea,p__Thermoplasmatota,c__E2,o__DHVEG-1,f__DHVEG-1,g__SM1-50,s__SM1-50 sp016930995
GCF_000979825.1,f,d__Archaea,p__Halobacteriota,c__Methanosarcinia,o__Methanosarcinales,f__Methanosarcinaceae,g__Methanosarcina,s__Methanosarcina mazei
GCA_029784735.1,f,d__Archaea,p__Thermoproteota,c__Nitrososphaeria,o__Conexivisphaerales,f__DTJL01,g__JAKAPW01,s__JAKAPW01 sp021811935
GCA_018812465.1,t,d__Archaea,p__Nanoarchaeota,c__Nanoarchaeia,o__Woesearchaeales,f__UBA12501,g__WJJV01,s__WJJV01 sp018812465
GCF_014646555.1,f,d__Archaea,p__Thermoproteota,c__Thermoprotei,o__Thermoproteales,f__Thermocladiaceae,g__Vulcanisaeta,s__Vulcanisaeta souniana
GCA_027374835.1,f,d__Archaea,p__Nanoarchaeota,c__Nanoarchaeia,o__Parvarchaeales,f__Parvarchaeaceae,g__Parvarchaeum,s__Parvarchaeum sp021802505
GCF_002214485.1,t,d__Archaea,p__Methanobacteriota_B,c__Thermococci,o__Thermococcales,f__Thermococcaceae,g__Thermococcus,s__Thermococcus pacificus
GCA_029861585.1,f,d__Archaea,p__Thermoproteota,c__Nitrososphaeria,o__Nitrososphaerales,f__Nitrosopumilaceae,g__Nitrosopumilus,s__Nitrosopumilus sp029860565
GCA_027316645.1,f,d__Archaea,p__Thermoplasmatota,c__Thermoplasmata,o__Thermoplasmatales,f__Thermoplasmataceae,g__Cuniculiplasma,s__Cuniculiplasma sp027316895
GCF_000529525.1,f,d__Archaea,p__Methanobacteriota,c__Methanobacteria,o__Methanobacteriales,f__Methanobacteriaceae,g__Methanobrevibacter_A,s__Methanobrevibacter_A oralis
GCA_002784265.1,f,d__Archaea,p__Aenigmatarchaeota,c__Aenigmatarchaeia,o__CG10238-14,f__CG10238-14,g__CG10238-14,s__CG10238-14 sp002789635
GCA_016214785.1,t,d__Archaea,p__Thermoplasmatota,c__Thermoplasmata,o__SG8-5,f__JACRNV01,g__JACRNV01,s__JACRNV01 sp016214785
GCA_031254265.1,t,d__Archaea,p__Thermoplasmatota,c__Thermoplasmata,o__Methanomassiliicoccales,f__Methanomethylophilaceae,g__Methanoplasma,s__Methanoplasma sp031254265
GCA_949297345.1,f,d__Archaea,p__Thermoplasmatota,c__Thermoplasmata,o__Methanomassiliicoccales,f__Methanomethylophilaceae,g__UBA71,s__UBA71 sp949295765
GCA_018824025.1,f,d__Archaea,p__Nanoarchaeota,c__Nanoarchaeia,o__Woesearchaeales,f__GCA-2686295,g__JAHIUF01,s__JAHIUF01 sp018817005
GCA_945920245.1,f,d__Archaea,p__Thermoplasmatota,c__Thermoplasmata,o__Methanomassiliicoccales,f__Methanomethylophilaceae,g__Methanomethylophilus,s__Methanomethylophilus alvus
GCA_002495445.1,f,d__Archaea,p__Methanobacteriota,c__Methanobacteria,o__Methanobacteriales,f__Methanobacteriaceae,g__Methanobacterium_A,s__Methanobacterium_A sp002494495
GCA_018920365.1,t,d__Archaea,p__Aenigmatarchaeota,c__Aenigmatarchaeia,o__CG10238-14,f__CG10238-14,g__JAHLMN01,s__JAHLMN01 sp018920365
GCA_027363255.1,f,d__Archaea,p__Micrarchaeota,c__Micrarchaeia,o__Micrarchaeales,f__CABMGC01,g__JAJYWY01,s__JAJYWY01 sp021791245
GCA_030749685.1,f,d__Archaea,p__Thermoplasmatota,c__Poseidoniia,o__MGIII,f__CG-Epi1,g__UBA8886,s__UBA8886 sp002731905
GCA_003650675.1,t,d__Archaea,p__Thermoproteota,c__Thermoprotei,o__Thermofilales,f__B20-G17,g__B67-G16,s__B67-G16 sp003650675
GCA_027373435.1,f,d__Archaea,p__Thermoplasmatota,c__Thermoplasmata,o__Thermoplasmatales,f__Thermoplasmataceae,g__JAJZOT01,s__JAJZOT01 sp021820245
GCA_002686315.1,t,d__Archaea,p__Nanoarchaeota,c__Nanoarchaeia,o__Woesearchaeales,f__GW2011-AR9,g__UBA11998,s__UBA11998 sp002686315
GCA_028692325.1,f,d__Archaea,p__Thermoplasmatota,c__Thermoplasmata,o__Methanomassiliicoccales,f__Methanomethylophilaceae,g__Methanomethylophilus,s__Methanomethylophilus sp002495325
GCA_024278375.1,t,d__Archaea,p__Thermoplasmatota,c__Thermoplasmata,o__WALJ01,f__WALJ01,g__WALJ01,s__WALJ01 sp024278375
GCA_013821245.1,t,d__Archaea,p__Thermoproteota,c__Nitrososphaeria,o__Nitrososphaerales,f__Nitrososphaeraceae,g__Nitrosocosmicus,s__Nitrosocosmicus sp013821245
GCA_028714235.1,t,d__Archaea,p__Micrarchaeota,c__Micrarchaeia,o__Fermentimicrarchaeales,f__Fermentimicrarchaeaceae,g__JAQTMQ01,s__JAQTMQ01 sp028714235
GCA_023268255.1,f,d__Archaea,p__Thermoproteota,c__Nitrososphaeria_A,o__Caldarchaeales,f__Wolframiiraptoraceae,g__Wolframiiraptor,s__Wolframiiraptor sinensis
GCA_028692575.1,f,d__Archaea,p__Halobacteriota,c__UBA148,o__UBA148,f__UBA148,g__UBA148,s__UBA148 sp028715985
GCA_021155845.1,t,d__Archaea,p__Thermoproteota,c__Nitrososphaeria,o__Nitrososphaerales,f__Nitrososphaeraceae,g__JAJNBK01,s__JAJNBK01 sp021155845
GCA_002692625.1,f,d__Archaea,p__Thermoplasmatota,c__Poseidoniia,o__Poseidoniales,f__Poseidoniaceae,g__Poseidonia,s__Poseidonia sp002725275
GCA_030630885.1,f,d__Archaea,p__Nanoarchaeota,c__Nanoarchaeia,o__Woesearchaeales,f__WJKV01,g__JAGLWF01,s__JAGLWF01 sp023133595
GCA_030651815.1,t,d__Archaea,p__Halobacteriota,c__Methanomicrobia,o__Methanomicrobiales,f__Methanospirillaceae,g__Methanoregula,s__Methanoregula sp030651815
GCA_016215315.1,t,d__Archaea,p__Nanoarchaeota,c__Nanoarchaeia,o__Woesearchaeales,f__ARS49,g__JACRKG01,s__JACRKG01 sp016215315
GCA_027374455.1,f,d__Archaea,p__Thermoplasmatota,c__Thermoplasmata,o__Sysuiplasmatales,f__Sysuiplasmataceae,g__Sysuiplasma,s__Sysuiplasma jiujiangense
GCF_020097815.1,t,d__Archaea,p__Halobacteriota,c__Halobacteria,o__Halobacteriales,f__Haloferacaceae,g__Haloprofundus,s__Haloprofundus salinisoli
GCA_029986675.1,f,d__Archaea,p__Halobacteriota,c__Methanomicrobia,o__Methanomicrobiales,f__Methanocorpusculaceae,g__Methanocorpusculum,s__Methanocorpusculum sp017387505
GCA_950068485.1,f,d__Archaea,p__Thermoplasmatota,c__Poseidoniia,o__Poseidoniales,f__Thalassarchaeaceae,g__Thalassarchaeum,s__Thalassarchaeum betae_A
GCA_009937205.1,t,d__Archaea,p__Thermoplasmatota,c__Poseidoniia,o__Poseidoniales,f__Poseidoniaceae,g__MGIIa-L1,s__MGIIa-L1 sp009937205
GCF_010706455.1,f,d__Archaea,p__Halobacteriota,c__Methanosarcinia,o__Methanosarcinales,f__Methanosarcinaceae,g__Methanosarcina,s__Methanosarcina mazei
GCA_002763105.1,f,d__Archaea,p__Nanoarchaeota,c__Nanoarchaeia,o__Pacearchaeales,f__GW2011-AR1,g__MNVX01,s__MNVX01 sp001872185
GCA_027038805.1,t,d__Archaea,p__Thermoproteota,c__Thermoprotei_A,o__Sulfolobales,f__WANQ01,g__JALWGO01,s__JALWGO01 sp027038805
GCA_027078475.1,t,d__Archaea,p__Thermoproteota,c__Korarchaeia,o__Korarchaeales,f__Korarchaeaceae,g__WALU01,s__WALU01 sp027078475
GCA_030037265.1,t,d__Archaea,p__Thermoplasmatota,c__Thermoplasmata,o__UBA184,f__UBA184,g__JAKIWV01,s__JAKIWV01 sp030037265
GCA_002792055.1,f,d__Archaea,p__Nanoarchaeota,c__Nanoarchaeia,o__Woesearchaeales,f__CG1-02-33-12,g__CG1-02-33-12,s__CG1-02-33-12 sp002762865
GCA_027381855.1,f,d__Archaea,p__Thermoplasmatota,c__Thermoplasmata,o__UBA184,f__UBA184,g__JAJYEA01,s__JAJYEA01 sp021809545
GCA_009786255.1,f,d__Archaea,p__Thermoproteota,c__Bathyarchaeia,o__Bathyarchaeales,f__UBA233,g__Termiticorpusculum,s__Termiticorpusculum sp009787585
GCA_028355485.1,f,d__Archaea,p__Thermoplasmatota,c__Poseidoniia,o__Poseidoniales,f__Poseidoniaceae,g__MGIIa-L1,s__MGIIa-L1 sp000246735
GCA_029856235.1,t,d__Archaea,p__Asgardarchaeota,c__Lokiarchaeia,o__Sigynarchaeales,f__SOKP01,g__SOKP01,s__SOKP01 sp029856235
GCA_012798335.1,t,d__Archaea,p__Nanoarchaeota,c__Nanoarchaeia,o__Pacearchaeales,f__GW2011-AR1,g__RBG-13-33-26,s__RBG-13-33-26 sp012798335
GCA_003551265.1,t,d__Archaea,p__Halobacteriota,c__Halobacteria,o__Halobacteriales,f__Haloarculaceae,g__Halovenus,s__Halovenus sp003551265
GCA_018812505.1,t,d__Archaea,p__Nanoarchaeota,c__Nanoarchaeia,o__Woesearchaeales,f__GCA-2686295,g__GCA-2686295,s__GCA-2686295 sp018812505
GCA_019323055.1,f,d__Archaea,p__Nanoarchaeota,c__Nanoarchaeia,o__Woesearchaeales,f__ARS49,g__WJKI01,s__WJKI01 sp019322995
GCA_027249935.1,f,d__Archaea,p__Thermoplasmatota,c__Poseidoniia,o__Poseidoniales,f__Thalassarchaeaceae,g__MGIIb-O5,s__MGIIb-O5 sp002718995
GCF_000336755.1,t,d__Archaea,p__Halobacteriota,c__Halobacteria,o__Halobacteriales,f__Haloferacaceae,g__Haloferax,s__Haloferax elongans
GCA_007128455.1,f,d__Archaea,p__Thermoplasmatota,c__Thermoplasmata,o__Methanomassiliicoccales,f__Methanomethylophilaceae,g__PWHV01,s__PWHV01 sp003557905
GCA_020029195.1,f,d__Archaea,p__Thermoproteota,c__Nitrososphaeria,o__Nitrososphaerales,f__Nitrososphaeraceae,g__TA-21,s__TA-21 sp014523495
GCA_020736935.1,f,d__Archaea,p__Halobacteriota,c__Methanosarcinia,o__Methanotrichales,f__Methanotrichaceae,g__Methanocrinis,s__Methanocrinis harundinacea_D
GCA_029786175.1,f,d__Archaea,p__Thermoproteota,c__Nitrososphaeria,o__Nitrososphaerales,f__UBA183,g__UBA183,s__UBA183 sp021827865
GCA_017516365.1,f,d__Archaea,p__Halobacteriota,c__Methanomicrobia,o__Methanomicrobiales,f__Methanocorpusculaceae,g__Methanocorpusculum,s__Methanocorpusculum sp017408885
GCA_027370945.1,f,d__Archaea,p__Nanoarchaeota,c__Nanoarchaeia,o__Parvarchaeales,f__Parvarchaeaceae,g__JAMCRB01,s__JAMCRB01 sp021810345
GCA_002688875.1,t,d__Archaea,p__Nanoarchaeota,c__Nanoarchaeia,o__Pacearchaeales,f__GW2011-AR1,g__ARS1285,s__ARS1285 sp002688875
GCA_018816395.1,f,d__Archaea,p__Nanoarchaeota,c__Nanoarchaeia,o__SCGC-AAA011-G17,f__JAFCDX01,g__JAHIVQ01,s__JAHIVQ01 sp018816585
GCA_030624445.1,t,d__Archaea,p__Aenigmatarchaeota,c__Aenigmatarchaeia,o__QMZP01,f__JAFGSV01,g__JAUXKD01,s__JAUXKD01 sp030624445
GCA_021826925.1,t,d__Archaea,p__Thermoplasmatota,c__Thermoplasmata,o__Thermoplasmatales,f__Thermoplasmataceae,g__JAKAYB01,s__JAKAYB01 sp021826925
GCA_002726845.1,t,d__Archaea,p__Thermoplasmatota,c__Poseidoniia,o__Poseidoniales,f__Poseidoniaceae,g__MGIIa-L2,s__MGIIa-L2 sp002726845
GCA_019057955.1,f,d__Archaea,p__Asgardarchaeota,c__Lokiarchaeia,o__Sigynarchaeales,f__SOKP01,g__SOKP01,s__SOKP01 sp005222975
GCA_002790315.1,f,d__Archaea,p__Huberarchaeota,c__Huberarchaeia,o__Huberarchaeales,f__Huberarchaeaceae,g__Huberarchaeum,s__Huberarchaeum crystalense
GCA_030539595.1,t,d__Archaea,p__Halobacteriota,c__Methanomicrobia,o__Methanomicrobiales,f__Methanocorpusculaceae,g__Methanocorpusculum,s__Methanocorpusculum sp030539595
GCA_030044805.1,f,d__Archaea,p__Thermoproteota,c__Nitrososphaeria,o__Nitrososphaerales,f__CADDZS01,g__CADDZS01,s__CADDZS01 sp030036955
GCA_002496855.1,f,d__Archaea,p__Halobacteriota,c__Methanomicrobia,o__Methanomicrobiales,f__Methanospirillaceae,g__Methanolinea_A,s__Methanolinea_A sp002506105
GCA_018664525.1,f,d__Archaea,p__Nanoarchaeota,c__Nanoarchaeia,o__Woesearchaeales,f__GW2011-AR15,g__GW2011-AR15,s__GW2011-AR15 sp018657065
GCA_030539955.1,f,d__Archaea,p__Methanobacteriota,c__Methanobacteria,o__Methanobacteriales,f__Methanobacteriaceae,g__Methanobrevibacter,s__Methanobrevibacter sp900314635
GCA_030636025.1,t,d__Archaea,p__Nanoarchaeota,c__Nanoarchaeia,o__Pacearchaeales,f__GW2011-AR1,g__DAOVXQ01,s__DAOVXQ01 sp030636025
GCA_021802105.1,t,d__Archaea,p__Nanoarchaeota,c__Nanoarchaeia,o__Parvarchaeales,f__Parvarchaeaceae,g__JAJZLM01,s__JAJZLM01 sp021802105
GCA_027492045.1,f,d__Archaea,p__Thermoproteota,c__Korarchaeia,o__Korarchaeales,f__Korarchaeaceae,g__WALU01,s__WALU01 sp027491785
GCA_027028455.1,f,d__Archaea,p__Thermoproteota,c__Korarchaeia,o__Korarchaeales,f__Korarchaeaceae,g__WALU01,s__WALU01 sp015521385
GCA_020356005.1,t,d__Archaea,p__Thermoplasmatota,c__JAEHCK01,o__JAEHCK01,f__GCA-020356005,g__GCA-020356005,s__GCA-020356005 sp020356005
GCA_018650665.1,f,d__Archaea,p__Nanoarchaeota,c__Nanoarchaeia,o__Pacearchaeales,f__GW2011-AR1,g__JABIDS01,s__JABIDS01 sp018653485
GCA_027380845.1,f,d__Archaea,p__Thermoplasmatota,c__Thermoplasmata,o__Thermoplasmatales,f__Thermoplasmataceae,g__UBA509,s__UBA509 sp021819605
GCA_027328425.1,t,d__Archaea,p__Micrarchaeota,c__Micrarchaeia,o__Micrarchaeales,f__CABMGC01,g__JAJYVH01,s__JAJYVH01 sp027328425
GCA_031256955.1,t,d__Archaea,p__Thermoplasmatota,c__Thermoplasmata,o__Methanomassiliicoccales,f__Methanomethylophilaceae,g__Methanoplasma,s__Methanoplasma sp031256955
GCF_018495055.1,f,d__Archaea,p__Halobacteriota,c__Methanomicrobia,o__Methanomicrobiales,f__Methanoculleaceae,g__Methanoculleus,s__Methanoculleus bourgensis
GCA_022482685.1,f,d__Archaea,p__Thermoplasmatota,c__Thermoplasmata,o__Methanomassiliicoccales,f__Methanomethylophilaceae,g__Methanomethylophilus,s__Methanomethylophilus sp001481295
GCF_900113615.1,t,d__Archaea,p__Halobacteriota,c__Halobacteria,o__Halobacteriales,f__Haloferacaceae,g__Halorubrum,s__Halorubrum aquaticum
GCA_944322255.1,t,d__Archaea,p__Thermoplasmatota,c__Thermoplasmata,o__Methanomassiliicoccales,f__Methanomethylophilaceae,g__UBA71,s__UBA71 sp944322255
GCA_902774705.1,f,d__Archaea,p__Methanobacteriota,c__Methanobacteria,o__Methanobacteriales,f__Methanobacteriaceae,g__Methanobrevibacter_A,s__Methanobrevibacter_A sp900314695
GCA_943788655.1,t,d__Archaea,p__Thermoplasmatota,c__Poseidoniia,o__Poseidoniales,f__Poseidoniaceae,g__MGIIa-L1,s__MGIIa-L1 sp009887095
GCA_027002515.1,f,d__Archaea,p__Halobacteriota,c__Archaeoglobi,o__Archaeoglobales,f__Archaeoglobaceae,g__WAKM01,s__WAKM01 sp027028145
GCA_027334855.1,f,d__Archaea,p__Thermoplasmatota,c__Thermoplasmata,o__UBA184,f__UBA184,g__JAKATE01,s__JAKATE01 sp021828085
GCF_022014235.1,t,d__Archaea,p__Methanobacteriota,c__Methanobacteria,o__Methanobacteriales,f__Methanothermobacteraceae,g__Methanothermobacter,s__Methanothermobacter sp022014235
GCA_018663865.1,t,d__Archaea,p__Nanoarchaeota,c__Nanoarchaeia,o__SCGC-AAA011-G17,f__PNOQ01,g__JABJPM01,s__JABJPM01 sp018663865
GCF_000011205.1,t,d__Archaea,p__Thermoproteota,c__Thermoprotei_A,o__Sulfolobales,f__Sulfolobaceae,g__Sulfurisphaera,s__Sulfurisphaera tokodaii
GCA_002497625.1,f,d__Archaea,p__Thermoplasmatota,c__Thermoplasmata,o__Thermoplasmatales,f__Thermoplasmataceae,g__Cuniculiplasma,s__Cuniculiplasma divulgatum
GCA_003021175.1,t,d__Archaea,p__Halobacteriota,c__Halobacteria,o__Halobacteriales,f__Haloarculaceae,g__Halosegnis,s__Halosegnis sp003021175
GCA_026413895.1,f,d__Archaea,p__Thermoproteota,c__Nitrososphaeria_A,o__Caldarchaeales,f__Wolframiiraptoraceae,g__Wolframiiraptor,s__Wolframiiraptor sp025059415
GCA_027380095.1,f,d__Archaea,p__Thermoplasmatota,c__Thermoplasmata,o__Thermoplasmatales,f__Thermoplasmataceae,g__UBA582,s__UBA582 sp002502705
GCA_001412335.1,t,d__Archaea,p__Halobacteriota,c__Methanomicrobia,o__Methanomicrobiales,f__Methanospirillaceae,g__SD8,s__SD8 sp001412335
GCF_934834405.1,f,d__Archaea,p__Methanobacteriota,c__Methanobacteria,o__Methanobacteriales,f__Methanobacteriaceae,g__Methanobrevibacter_A,s__Methanobrevibacter_A smithii
GCA_949320185.1,t,d__Archaea,p__Halobacteriota,c__Methanomicrobia,o__Methanomicrobiales,f__Methanospirillaceae,g__UBA288,s__UBA288 sp949320185
GCA_902593945.1,t,d__Archaea,p__Thermoplasmatota,c__Poseidoniia,o__Poseidoniales,f__Thalassarchaeaceae,g__MGIIb-O2,s__MGIIb-O2 sp902593945
GCA_018646285.1,f,d__Archaea,p__Thermoproteota,c__Nitrososphaeria,o__Nitrososphaerales,f__Nitrosopumilaceae,g__Nitrosopumilus,s__Nitrosopumilus sp018674605
GCA_002780965.1,f,d__Archaea,p__Huberarchaeota,c__Huberarchaeia,o__Huberarchaeales,f__Huberarchaeaceae,g__Huberarchaeum,s__Huberarchaeum crystalense
GCA_951812685.1,f,d__Archaea,p__Thermoproteota,c__Nitrososphaeria,o__Nitrososphaerales,f__Nitrosopumilaceae,g__Nitrosopumilus,s__Nitrosopumilus sp016125975
GCA_027345195.1,t,d__Archaea,p__Thermoplasmatota,c__Thermoplasmata,o__Thermoplasmatales,f__GCA-001856825,g__GCA-001856825,s__GCA-001856825 sp021797855
GCA_018657465.1,f,d__Archaea,p__Thermoproteota,c__Nitrososphaeria,o__Nitrososphaerales,f__Nitrosopumilaceae,g__Nitrosopumilus,s__Nitrosopumilus sp018674605
GCA_027014125.1,t,d__Archaea,p__Thermoproteota,c__Thermoprotei_A,o__Sulfolobales,f__Acidilobaceae,g__S012-22,s__S012-22 sp027014125
GCA_030626605.1,f,d__Archaea,p__Halobacteriota,c__Methanomicrobia,o__Methanomicrobiales,f__Methanoculleaceae,g__UBA207,s__UBA207 sp002503135
GCF_000747605.1,f,d__Archaea,p__Thermoproteota,c__Thermoprotei_A,o__Sulfolobales,f__Sulfolobaceae,g__Metallosphaera,s__Metallosphaera sedula
GCA_016203395.1,t,d__Archaea,p__Nanoarchaeota,c__Nanoarchaeia,o__Woesearchaeales,f__ARS49,g__JACQMV01,s__JACQMV01 sp016203395
GCA_001564035.1,t,d__Archaea,p__Nanohaloarchaeota,c__Nanosalinia,o__Nanosalinales,f__Nanosalinaceae,g__B1-Br10-U2g21,s__B1-Br10-U2g21 sp001564035
GCA_024256185.1,f,d__Archaea,p__Thermoproteota,c__Nitrososphaeria,o__Nitrososphaerales,f__JACAEJ01,g__HK02M2,s__HK02M2 sp024256245
GCA_027006555.1,f,d__Archaea,p__Thermoproteota,c__Korarchaeia,o__Korarchaeales,f__Korarchaeaceae,g__WALU01,s__WALU01 sp015522685
GCF_008729095.1,f,d__Archaea,p__Halobacteriota,c__Halobacteria,o__Halobacteriales,f__Haloarculaceae,g__Haloarcula,s__Haloarcula hispanica
GCA_030044655.1,f,d__Archaea,p__Thermoplasmatota,c__Thermoplasmata,o__UBA184,f__UBA184,g__UBA184,s__UBA184 sp030041735
GCA_027374295.1,f,d__Archaea,p__Thermoplasmatota,c__Thermoplasmata,o__Sysuiplasmatales,f__Sysuiplasmataceae,g__Sysuiplasma,s__Sysuiplasma acidicola
GCA_027369855.1,f,d__Archaea,p__Nanoarchaeota,c__Nanoarchaeia,o__Parvarchaeales,f__Parvarchaeaceae,g__Parvarchaeum,s__Parvarchaeum sp023378805
GCF_000966265.1,t,d__Archaea,p__Methanobacteriota_B,c__Thermococci,o__Thermococcales,f__Thermococcaceae,g__Palaeococcus,s__Palaeococcus ferrophilus
GCA_013330305.1,f,d__Archaea,p__Thermoplasmatota,c__Poseidoniia,o__Poseidoniales,f__Thalassarchaeaceae,g__UBA36,s__UBA36 sp001628485
GCA_027366075.1,t,d__Archaea,p__Nanoarchaeota,c__Nanoarchaeia,o__Parvarchaeales,f__Parvarchaeaceae,g__JAJYZA01,s__JAJYZA01 sp027366075
GCA_028275765.1,f,d__Archaea,p__Thermoproteota,c__Thermoprotei,o__Thermofilales,f__Thermofilaceae,g__Thermofilum_C,s__Thermofilum_C sp020833575
GCA_022866015.1,t,d__Archaea,p__Thermoplasmatota,c__E2,o__DHVEG-1,f__DHVEG-1,g__M9B1D,s__M9B1D sp022866015
GCA_009392915.1,t,d__Archaea,p__Iainarchaeota,c__Iainarchaeia,o__CSSED10-239,f__CSSED10-239,g__Forterrea,s__Forterrea multitransposorum
GCA_031260545.1,t,d__Archaea,p__Thermoplasmatota,c__Thermoplasmata,o__Methanomassiliicoccales,f__Methanomethylophilaceae,g__WRKA01,s__WRKA01 sp031260545
GCA_002009965.1,f,d__Archaea,p__Methanobacteriota_A,c__Methanococci,o__Methanococcales,f__Methanococcaceae,g__Methanothermococcus,s__Methanothermococcus thermolithotrophicus
GCA_018436405.1,f,d__Archaea,p__Halobacteriota,c__Methanosarcinia,o__Methanosarcinales,f__Methanosarcinaceae,g__Methanosarcina,s__Methanosarcina mazei
GCA_027339545.1,f,d__Archaea,p__Micrarchaeota,c__Micrarchaeia,o__Micrarchaeales,f__CABMGC01,g__JAJZNA01,s__JAJZNA01 sp021792235
GCF_002787055.1,t,d__Archaea,p__Thermoproteota,c__Nitrososphaeria,o__Nitrososphaerales,f__Nitrosopumilaceae,g__Nitrosotenuis,s__Nitrosotenuis aquarius
GCA_000145985.1,t,d__Archaea,p__Thermoproteota,c__Thermoprotei_A,o__Sulfolobales,f__Ignisphaeraceae,g__Ignisphaera,s__Ignisphaera aggregans
GCA_016190055.1,t,d__Archaea,p__Thermoproteota,c__Nitrososphaeria,o__Nitrososphaerales,f__JACPRH01,g__JACPRH01,s__JACPRH01 sp016190055
GCA_021844905.1,f,d__Archaea,p__Micrarchaeota,c__Micrarchaeia,o__Micrarchaeales,f__Micrarchaeaceae,g__JAKAWW01,s__JAKAWW01 sp021816895
GCA_016550385.1,f,d__Archaea,p__Asgardarchaeota,c__Hermodarchaeia,o__Hermodarchaeales,f__Hermodarchaeaceae,g__Hermodarchaeum,s__Hermodarchaeum sp016550395
GCF_002813695.1,t,d__Archaea,p__Methanobacteriota,c__Methanobacteria,o__Methanobacteriales,f__Methanobacteriaceae,g__Methanobacterium,s__Methanobacterium subterraneum
GCF_902778875.1,f,d__Archaea,p__Methanobacteriota,c__Methanobacteria,o__Methanobacteriales,f__Methanobacteriaceae,g__Methanobrevibacter_A,s__Methanobrevibacter_A sp900319535
GCA_943787215.1,f,d__Archaea,p__Thermoplasmatota,c__Poseidoniia,o__Poseidoniales,f__Poseidoniaceae,g__MGIIa-L2,s__MGIIa-L2 sp016777125
GCA_012518265.1,t,d__Archaea,p__Halobacteriota,c__Methanosarcinia,o__Methanosarcinales,f__Methanosarcinaceae,g__Methanimicrococcus,s__Methanimicrococcus sp012518265
GCA_002499405.1,t,d__Archaea,p__Micrarchaeota,c__Micrarchaeia,o__Norongarragalinales,f__Norongarragalinaceae,g__UBA95,s__UBA95 sp002499405
GCA_002496325.1,f,d__Archaea,p__Halobacteriota,c__Methanosarcinia,o__Methanosarcinales,f__Methanoperedenaceae,g__Methanoperedens,s__Methanoperedens nitroreducens
GCA_027381325.1,f,d__Archaea,p__Thermoplasmatota,c__Thermoplasmata,o__Thermoplasmatales,f__Thermoplasmataceae,g__JAJZOM01,s__JAJZOM01 sp021817455
GCA_949319395.1,f,d__Archaea,p__Halobacteriota,c__Methanomicrobia,o__Methanomicrobiales,f__Methanospirillaceae,g__UBA9949,s__UBA9949 sp012516785
GCA_001917505.1,f,d__Archaea,p__Thermoproteota,c__Nitrososphaeria,o__Nitrososphaerales,f__Nitrosopumilaceae,g__Nitrosotalea,s__Nitrosotalea sp001917995
GCA_001723845.1,t,d__Archaea,p__Altiarchaeota,c__Altiarchaeia,o__IMC4,f__WOR-SM1-SCG,g__WOR-SM1-SCG,s__WOR-SM1-SCG sp001723845
GCA_027329965.1,f,d__Archaea,p__Micrarchaeota,c__Micrarchaeia,o__Micrarchaeales,f__Micrarchaeaceae,g__JAKARM01,s__JAKARM01 sp021822165
GCA_027347505.1,f,d__Archaea,p__Thermoproteota,c__Nitrososphaeria,o__Nitrososphaerales,f__Nitrosopumilaceae,g__Nitrosotenuis,s__Nitrosotenuis sp021824845
GCA_905479565.1,t,d__Archaea,p__Thermoproteota,c__Nitrososphaeria,o__Nitrososphaerales,f__Nitrosopumilaceae,g__Nitrosopumilus,s__Nitrosopumilus sp905479565
GCF_002844195.1,t,d__Archaea,p__Halobacteriota,c__Halobacteria,o__Halobacteriales,f__Haloferacaceae,g__Halegenticoccus,s__Halegenticoccus soli
GCA_030049755.1,f,d__Archaea,p__Thermoplasmatota,c__Thermoplasmata,o__UBA184,f__UBA184,g__UBA184,s__UBA184 sp030064695
GCA_007130035.1,f,d__Archaea,p__Thermoplasmatota,c__Thermoplasmata,o__Methanomassiliicoccales,f__Methanomethylophilaceae,g__PWHV01,s__PWHV01 sp003557905
GCA_027364425.1,f,d__Archaea,p__Micrarchaeota,c__Micrarchaeia,o__Micrarchaeales,f__CABMGC01,g__JAKAVK01,s__JAKAVK01 sp021810375
GCF_001458655.1,f,d__Archaea,p__Methanobacteriota,c__Methanobacteria,o__Methanobacteriales,f__Methanobacteriaceae,g__Methanobacterium,s__Methanobacterium formicicum
GCA_023453475.1,f,d__Archaea,p__Methanobacteriota,c__Methanobacteria,o__Methanobacteriales,f__Methanobacteriaceae,g__Methanobrevibacter_A,s__Methanobrevibacter_A smithii
GCA_902625325.1,t,d__Archaea,p__Thermoplasmatota,c__Poseidoniia,o__Poseidoniales,f__Thalassarchaeaceae,g__UBA36,s__UBA36 sp902625325
GCA_937141695.1,f,d__Archaea,p__Thermoproteota,c__Nitrososphaeria,o__Nitrososphaerales,f__Nitrosopumilaceae,g__Nitrosopelagicus,s__Nitrosopelagicus sp001627235
GCA_027338005.1,f,d__Archaea,p__Micrarchaeota,c__Micrarchaeia,o__Micrarchaeales,f__Micrarchaeaceae,g__JAKAWW01,s__JAKAWW01 sp021816895
GCA_005924185.1,f,d__Archaea,p__Methanobacteriota,c__Methanobacteria,o__Methanobacteriales,f__Methanobacteriaceae,g__Methanobacterium_A,s__Methanobacterium_A sp002494495
GCA_003162745.1,f,d__Archaea,p__Halobacteriota,c__Bog-38,o__Bog-38,f__Bog-38,g__Bog-38,s__Bog-38 sp003162175
GCA_016181895.1,t,d__Archaea,p__Nanoarchaeota,c__Nanoarchaeia,o__Pacearchaeales,f__GW2011-AR1,g__JACQLK01,s__JACQLK01 sp016181895
GCA_018818465.1,t,d__Archaea,p__Aenigmatarchaeota,c__Aenigmatarchaeia,o__QMZP01,f__QMZP01,g__JAHIRU01,s__JAHIRU01 sp018818465
GCA_028376505.1,f,d__Archaea,p__Thermoproteota,c__Nitrososphaeria,o__Nitrososphaerales,f__Nitrosopumilaceae,g__Nitrosopumilus,s__Nitrosopumilus sp028351415
GCA_027368175.1,f,d__Archaea,p__Thermoplasmatota,c__Thermoplasmata,o__Thermoplasmatales,f__Thermoplasmataceae,g__B-DKE,s__B-DKE sp021792655
GCA_003564925.1,t,d__Archaea,p__Nanoarchaeota,c__Nanoarchaeia,o__Woesearchaeales,f__PXDW01,g__PXDW01,s__PXDW01 sp003564925
GCA_937902205.1,f,d__Archaea,p__Halobacteriota,c__Syntropharchaeia,o__Alkanophagales,f__Methanospirareceae,g__Methanospirare,s__Methanospirare jalkutatii
GCA_009995085.1,f,d__Archaea,p__Iainarchaeota,c__Iainarchaeia,o__CSSED10-239,f__CSSED10-239,g__Forterrea,s__Forterrea multitransposorum
GCA_025920705.1,t,d__Archaea,p__Nanoarchaeota,c__Nanoarchaeia,o__Jingweiarchaeales,f__Jingweiarchaeaceae,g__Jingweiarchaeum,s__Jingweiarchaeum tengchongense
GCA_021324115.1,t,d__Archaea,p__Thermoproteota,c__Nitrososphaeria,o__Conexivisphaerales,f__DTJL01,g__JAJPJS01,s__JAJPJS01 sp021324115
GCA_031286065.1,t,d__Archaea,p__Halobacteriota,c__Methanosarcinia,o__Methanosarcinales,f__Methanosarcinaceae,g__Methanimicrococcus,s__Methanimicrococcus sp031286065
GCA_013329055.1,t,d__Archaea,p__Nanoarchaeota,c__Nanoarchaeia,o__Pacearchaeales,f__GW2011-AR1,g__GW2011-AR13,s__GW2011-AR13 sp9966u
GCF_945650115.1,f,d__Archaea,p__Methanobacteriota,c__Methanobacteria,o__Methanobacteriales,f__Methanobacteriaceae,g__Methanobrevibacter,s__Methanobrevibacter ruminantium_A
GCA_937917535.1,f,d__Archaea,p__Thermoplasmatota,c__Thermoplasmata,o__Methanomassiliicoccales,f__Methanomethylophilaceae,g__Methanogranum,s__Methanogranum sp002506905
GCA_002504725.1,t,d__Archaea,p__Methanobacteriota,c__Methanobacteria,o__Methanobacteriales,f__Methanobacteriaceae,g__UBA587,s__UBA587 sp002504725
GCF_000258515.1,t,d__Archaea,p__Methanobacteriota_B,c__Thermococci,o__Thermococcales,f__Thermococcaceae,g__Thermococcus,s__Thermococcus zilligii
GCA_028439735.1,f,d__Archaea,p__Thermoproteota,c__Nitrososphaeria,o__Nitrososphaerales,f__Nitrosopumilaceae,g__Nitrosopumilus,s__Nitrosopumilus limneticus
GCA_021826835.1,t,d__Archaea,p__Thermoplasmatota,c__Thermoplasmata,o__Thermoplasmatales,f__Thermoplasmataceae,g__JAKAYH01,s__JAKAYH01 sp021826835
GCA_011524855.1,t,d__Archaea,p__Thermoplasmatota,c__Poseidoniia,o__Poseidoniales,f__Poseidoniaceae,g__Poseidonia,s__Poseidonia sp011524855
GCF_020150815.1,t,d__Archaea,p__Halobacteriota,c__Halobacteria,o__Halobacteriales,f__Haloferacaceae,g__Haloprofundus,s__Haloprofundus salilacus
GCA_023144035.1,t,d__Archaea,p__Nanoarchaeota,c__Nanoarchaeia,o__Pacearchaeales,f__GW2011-AR1,g__JAFCEV01,s__JAFCEV01 sp023144035
GCF_001481295.1,f,d__Archaea,p__Thermoplasmatota,c__Thermoplasmata,o__Methanomassiliicoccales,f__Methanomethylophilaceae,g__Methanomethylophilus,s__Methanomethylophilus sp001481295
GCA_950073095.1,f,d__Archaea,p__Thermoplasmatota,c__Poseidoniia,o__MGIII,f__CG-Epi1,g__CG-Epi1,s__CG-Epi1 sp015658585
GCA_028679855.1,t,d__Archaea,p__Halobacteriota,c__Methanosarcinia,o__Methanosarcinales,f__Methanoperedenaceae,g__Methanoperedens,s__Methanoperedens sp028679855
GCA_013331935.1,t,d__Archaea,p__Nanoarchaeota,c__Nanoarchaeia,o__UBA10117,f__UBA10117,g__UBA10117,s__UBA10117 sp10117u
GCA_027381015.1,f,d__Archaea,p__Thermoplasmatota,c__Thermoplasmata,o__Thermoplasmatales,f__Thermoplasmataceae,g__JAJZOM01,s__JAJZOM01 sp023489435
GCF_029633965.1,t,d__Archaea,p__Halobacteriota,c__Methanomicrobia,o__Methanomicrobiales,f__Methanomicrobiaceae,g__Methanogenium,s__Methanogenium sp029633965
GCA_018238545.1,t,d__Archaea,p__Asgardarchaeota,c__Heimdallarchaeia,o__Heimdallarchaeales,f__Heimdallarchaeaceae,g__UBA460,s__UBA460 sp018238545
GCA_021159785.1,t,d__Archaea,p__Thermoproteota,c__Thermoprotei_A,o__Sulfolobales,f__Desulfurococcaceae,g__JAGHDU01,s__JAGHDU01 sp021159785
GCF_900069765.1,f,d__Archaea,p__Halobacteriota,c__Archaeoglobi,o__Archaeoglobales,f__Archaeoglobaceae,g__Archaeoglobus,s__Archaeoglobus fulgidus
GCA_002508475.1,f,d__Archaea,p__Halobacteriota,c__Methanosarcinia,o__Methanosarcinales,f__Methanosarcinaceae,g__Methanosarcina,s__Methanosarcina sp002499445
GCA_016282555.1,t,d__Archaea,p__Thermoplasmatota,c__Thermoplasmata,o__Methanomassiliicoccales,f__Methanomethylophilaceae,g__UBA71,s__UBA71 sp016282555
GCA_030668645.1,t,d__Archaea,p__Thermoproteota,c__Bathyarchaeia,o__Bathyarchaeales,f__UBA233,g__DAOVFC01,s__DAOVFC01 sp030668645
GCA_023473345.1,f,d__Archaea,p__Micrarchaeota,c__Micrarchaeia,o__Micrarchaeales,f__Micrarchaeaceae,g__JAMCYW01,s__JAMCYW01 sp021792395
GCA_002502565.1,f,d__Archaea,p__Thermoplasmatota,c__Poseidoniia,o__Poseidoniales,f__Thalassarchaeaceae,g__MGIIb-N1,s__MGIIb-N1 sp002499585
GCA_938035805.1,f,d__Archaea,p__Thermoplasmatota,c__Thermoplasmata,o__Methanomassiliicoccales,f__Methanomethylophilaceae,g__Methanomethylophilus,s__Methanomethylophilus alvus
GCA_030045235.1,f,d__Archaea,p__Thermoplasmatota,c__Thermoplasmata,o__UBA184,f__UBA184,g__UBA184,s__UBA184 sp030044695
GCA_020855035.1,f,d__Archaea,p__Halobacteriota,c__Methanomicrobia,o__Methanomicrobiales,f__Methanoculleaceae,g__Methanoculleus,s__Methanoculleus marisnigri
GCA_030040915.1,t,d__Archaea,p__Thermoplasmatota,c__Thermoplasmata,o__UBA184,f__UBA184,g__UBA184,s__UBA184 sp030040915
GCA_027328185.1,f,d__Archaea,p__Thermoplasmatota,c__Thermoplasmata,o__UBA184,f__UBA184,g__UBA184,s__UBA184 sp021844945
GCA_027329605.1,f,d__Archaea,p__Micrarchaeota,c__Micrarchaeia,o__Micrarchaeales,f__Micrarchaeaceae,g__JAJZYD01,s__JAJZYD01 sp021785805
GCA_018302985.1,t,d__Archaea,p__Nanoarchaeota,c__Nanoarchaeia,o__SCGC-AAA011-G17,f__UBA489,g__JACOVP01,s__JACOVP01 sp018302985
GCA_024256205.1,f,d__Archaea,p__Thermoproteota,c__Nitrososphaeria,o__Nitrososphaerales,f__JACAEJ01,g__HK02M2,s__HK02M2 sp024256245
GCA_002502445.1,f,d__Archaea,p__Methanobacteriota,c__Methanobacteria,o__Methanobacteriales,f__Methanobacteriaceae,g__Methanobacterium,s__Methanobacterium subterraneum
GCA_013152845.1,t,d__Archaea,p__Hydrothermarchaeota,c__Hydrothermarchaeia,o__Hydrothermarchaeales,f__JAADFM01,g__JAADFM01,s__JAADFM01 sp013152845
GCA_018653745.1,f,d__Archaea,p__Thermoproteota,c__Nitrososphaeria,o__Nitrososphaerales,f__Nitrosopumilaceae,g__Nitrosopumilus,s__Nitrosopumilus sp018657375
GCA_937911945.1,f,d__Archaea,p__Thermoplasmatota,c__Poseidoniia,o__Poseidoniales,f__Poseidoniaceae,g__Poseidonia,s__Poseidonia sp902625885
GCA_030830125.1,f,d__Archaea,p__Thermoplasmatota,c__Poseidoniia,o__Poseidoniales,f__Poseidoniaceae,g__Poseidonia,s__Poseidonia sp018662715
GCA_025929515.1,f,d__Archaea,p__Thermoproteota,c__Nitrososphaeria,o__Nitrososphaerales,f__Nitrososphaeraceae,g__Nitrososphaera,s__Nitrososphaera sp025929855
GCA_027019885.1,t,d__Archaea,p__Halobacteriota,c__Archaeoglobi,o__Archaeoglobales,f__Archaeoglobaceae,g__Geoglobus,s__Geoglobus sp027019885
GCA_017610305.1,t,d__Archaea,p__Iainarchaeota,c__Iainarchaeia,o__Iainarchaeales,f__JAFCCJ01,g__JAFCCJ01,s__JAFCCJ01 sp017610305
GCA_020341795.1,t,d__Archaea,p__Thermoplasmatota,c__E2,o__DHVEG-1,f__DHVEG-1,g__M9B1D,s__M9B1D sp020341795
GCF_029226445.1,f,d__Archaea,p__Methanobacteriota,c__Methanobacteria,o__Methanobacteriales,f__Methanobacteriaceae,g__Methanosphaera,s__Methanosphaera sp022768985
GCA_022848765.1,t,d__Archaea,p__Thermoplasmatota,c__E2,o__DHVEG-1,f__DHVEG-1,g__JAJISJ01,s__JAJISJ01 sp022848765
GCA_022865215.1,t,d__Archaea,p__Nanohaloarchaeota,c__Nanosalinia,o__Nanosalinales,f__Nanohalalkaliarchaeacea,g__JALIDP01,s__JALIDP01 sp022865215
GCA_016212785.1,t,d__Archaea,p__Hydrothermarchaeota,c__Hydrothermarchaeia,o__Hydrothermarchaeales,f__WAQR01,g__JACRDW01,s__JACRDW01 sp016212785
GCF_011319465.1,t,d__Archaea,p__Thermoproteota,c__Nitrososphaeria,o__Nitrososphaerales,f__Nitrosopumilaceae,g__Nitrosotalea,s__Nitrosotalea sp011319465
GCA_027380975.1,f,d__Archaea,p__Thermoplasmatota,c__Thermoplasmata,o__Thermoplasmatales,f__Thermoplasmataceae,g__JAJZOM01,s__JAJZOM01 sp023489435
GCA_018664225.1,f,d__Archaea,p__Thermoplasmatota,c__Poseidoniia,o__Poseidoniales,f__Thalassarchaeaceae,g__MGIIb-O2,s__MGIIb-O2 sp002494975
GCA_030039525.1,t,d__Archaea,p__Thermoplasmatota,c__Thermoplasmata,o__UBA184,f__UBA184,g__UBA184,s__UBA184 sp030039525
GCA_013151465.1,t,d__Archaea,p__Aenigmatarchaeota,c__Aenigmatarchaeia,o__QMZP01,f__QMZT01,g__JAADIF01,s__JAADIF01 sp013151465
GCA_030666765.1,t,d__Archaea,p__Halobacteriota,c__Methanosarcinia,o__Methanosarcinales,f__Methanogasteraceae,g__Methanogaster,s__Methanogaster sp030666765
GCA_002009975.1,t,d__Archaea,p__Methanobacteriota_B,c__Thermococci,o__Thermococcales,f__Thermococcaceae,g__Thermococcus_C,s__Thermococcus_C sp002009975
GCF_905234905.1,f,d__Archaea,p__Methanobacteriota,c__Methanobacteria,o__Methanobacteriales,f__Methanobacteriaceae,g__Methanobrevibacter_A,s__Methanobrevibacter_A sp900314695
GCA_903858385.1,t,d__Archaea,p__Micrarchaeota,c__Micrarchaeia,o__Micrarchaeales,f__Micrarchaeaceae,g__CAIOIN01,s__CAIOIN01 sp903858385
GCA_005877385.1,f,d__Archaea,p__Thermoproteota,c__Nitrososphaeria,o__Nitrososphaerales,f__Nitrososphaeraceae,g__TA-21,s__TA-21 sp005877075
GCA_029259415.1,t,d__Archaea,p__Halobacteriota,c__Archaeoglobi,o__Archaeoglobales,f__Archaeoglobaceae,g__Archaeoglobus,s__Archaeoglobus sp029259415
GCA_012960735.1,f,d__Archaea,p__Thermoplasmatota,c__Poseidoniia,o__Poseidoniales,f__Thalassarchaeaceae,g__UBA36,s__UBA36 sp004195615
GCA_021821605.1,t,d__Archaea,p__Micrarchaeota,c__Micrarchaeia,o__Micrarchaeales,f__CABMGC01,g__JAJZOD01,s__JAJZOD01 sp021821605
GCA_027314405.1,f,d__Archaea,p__Micrarchaeota,c__Micrarchaeia,o__Micrarchaeales,f__Micrarchaeaceae,g__JAJZAB01,s__JAJZAB01 sp021801905
GCA_003663695.1,t,d__Archaea,p__Methanobacteriota_B,c__Thermococci,o__Thermococcales,f__Thermococcaceae,g__Palaeococcus,s__Palaeococcus sp003663695
GCA_027377215.1,f,d__Archaea,p__Thermoplasmatota,c__Thermoplasmata,o__UBA184,f__UBA184,g__UBA184,s__UBA184 sp021791335
GCA_017468935.1,t,d__Archaea,p__Thermoplasmatota,c__Thermoplasmata,o__Methanomassiliicoccales,f__Methanomethylophilaceae,g__UBA71,s__UBA71 sp017468935
GCF_000337595.1,t,d__Archaea,p__Halobacteriota,c__Halobacteria,o__Halobacteriales,f__Natrialbaceae,g__Natrialba,s__Natrialba taiwanensis
GCA_003551525.1,f,d__Archaea,p__Halobacteriota,c__Halobacteria,o__Halobacteriales,f__Haloferacaceae,g__Halorubrum,s__Halorubrum sp003554605
GCA_018303705.1,t,d__Archaea,p__Nanoarchaeota,c__Nanoarchaeia,o__SCGC-AAA011-G17,f__JACPNG01,g__JAGVXQ01,s__JAGVXQ01 sp018303705
GCA_019720975.1,t,d__Archaea,p__Thermoplasmatota,c__Thermoplasmata,o__Sysuiplasmatales,f__Sysuiplasmataceae,g__Sysuiplasma,s__Sysuiplasma superficiale
GCA_013415565.1,t,d__Archaea,p__Halobacteriota,c__Methanomicrobia,o__Methanomicrobiales,f__Methanospirillaceae,g__UBA9949,s__UBA9949 sp013415565
GCA_027333145.1,f,d__Archaea,p__Micrarchaeota,c__Micrarchaeia,o__Micrarchaeales,f__Micrarchaeaceae,g__JAMCYW01,s__JAMCYW01 sp021792395
GCA_011042275.1,f,d__Archaea,p__Altiarchaeota,c__Altiarchaeia,o__IMC4,f__QMZM01,g__QMZG01,s__QMZG01 sp003663045
GCA_027380275.1,f,d__Archaea,p__Thermoplasmatota,c__Thermoplasmata,o__Thermoplasmatales,f__Thermoplasmataceae,g__JAKAFX01,s__JAKAFX01 sp021802055
GCA_017608005.1,f,d__Archaea,p__Iainarchaeota,c__Iainarchaeia,o__Iainarchaeales,f__DTGL01,g__DTGL01,s__DTGL01 sp017608995
GCA_937894155.1,f,d__Archaea,p__Thermoplasmatota,c__Poseidoniia,o__Poseidoniales,f__Poseidoniaceae,g__MGIIa-L2,s__MGIIa-L2 sp002502215
GCA_021850635.1,t,d__Archaea,p__Nanoarchaeota,c__Nanoarchaeia,o__Parvarchaeales,f__Parvarchaeaceae,g__JAJZLM01,s__JAJZLM01 sp021850635
GCA_027250235.1,f,d__Archaea,p__Thermoplasmatota,c__Poseidoniia,o__Poseidoniales,f__Thalassarchaeaceae,g__Thalassarchaeum,s__Thalassarchaeum sp019654055
GCF_024218775.1,t,d__Archaea,p__Halobacteriota,c__Halobacteria,o__Halobacteriales,f__Haloarculaceae,g__Haloarcula,s__Haloarcula marina
GCA_028748985.1,f,d__Archaea,p__Halobacteriota,c__UBA148,o__UBA148,f__UBA148,g__UBA148,s__UBA148 sp028715985
GCA_030622695.1,f,d__Archaea,p__Asgardarchaeota,c__Lokiarchaeia,o__Sigynarchaeales,f__SOKP01,g__SOKP01,s__SOKP01 sp018238625
GCA_030830875.1,t,d__Archaea,p__Thermoplasmatota,c__Poseidoniia,o__Poseidoniales,f__Poseidoniaceae,g__MGIIa-L3,s__MGIIa-L3 sp030830875
GCF_013329655.1,f,d__Archaea,p__Halobacteriota,c__Methanosarcinia,o__Methanosarcinales,f__Methanosarcinaceae,g__Methanosarcina,s__Methanosarcina acetivorans
GCA_950066085.1,f,d__Archaea,p__Thermoplasmatota,c__Poseidoniia,o__MGIII,f__CG-Epi1,g__CG-Epi1,s__CG-Epi1 sp015658585
GCA_018696375.1,f,d__Archaea,p__Thermoproteota,c__Nitrososphaeria,o__Nitrososphaerales,f__Nitrosopumilaceae,g__Nitrosopumilus,s__Nitrosopumilus sp018674605
GCA_030641395.1,f,d__Archaea,p__Nanoarchaeota,c__Nanoarchaeia,o__Pacearchaeales,f__GW2011-AR1,g__JAGVXH01,s__JAGVXH01 sp023136775
GCA_003650815.1,t,d__Archaea,p__Thermoproteota,c__Thermoprotei,o__Thermofilales,f__B15-G2,g__B15-G2,s__B15-G2 sp003650815
GCA_002503905.1,f,d__Archaea,p__Thermoplasmatota,c__Poseidoniia,o__Poseidoniales,f__Poseidoniaceae,g__MGIIa-L1,s__MGIIa-L1 sp002697705
GCA_002498705.1,f,d__Archaea,p__Halobacteriota,c__Methanomicrobia,o__Methanomicrobiales,f__Methanocorpusculaceae,g__Methanocorpusculum,s__Methanocorpusculum sp002498375
GCA_027369655.1,f,d__Archaea,p__Nanoarchaeota,c__Nanoarchaeia,o__Parvarchaeales,f__Parvarchaeaceae,g__Parvarchaeum,s__Parvarchaeum sp021817165
GCA_021797495.1,t,d__Archaea,p__Micrarchaeota,c__Micrarchaeia,o__Micrarchaeales,f__Micrarchaeaceae,g__Micrarchaeum_A,s__Micrarchaeum_A sp021797495
GCA_002702715.1,f,d__Archaea,p__Thermoplasmatota,c__Poseidoniia,o__Poseidoniales,f__Thalassarchaeaceae,g__MGIIb-O5,s__MGIIb-O5 sp002730095
GCA_002505185.1,t,d__Archaea,p__Thermoplasmatota,c__Thermoplasmata,o__Thermoplasmatales,f__Thermoplasmataceae,g__Ferroplasma,s__Ferroplasma sp002505185
GCA_017601345.1,t,d__Archaea,p__Thermoproteota,c__EX4484-205,o__EX4484-205,f__JAAOZP01,g__JAAOZP01,s__JAAOZP01 sp017601345
GCA_027460605.1,t,d__Archaea,p__Halobacteriota,c__Methanosarcinia,o__Methanosarcinales,f__Methanoperedenaceae,g__Methanoperedens,s__Methanoperedens sp027460605
GCA_958409965.1,f,d__Archaea,p__Thermoplasmatota,c__Thermoplasmata,o__Methanomassiliicoccales,f__Methanomassiliicoccaceae,g__Methanomassiliicoccus_A,s__Methanomassiliicoccus_A intestinalis
GCA_950059405.1,f,d__Archaea,p__Thermoproteota,c__Nitrososphaeria,o__Nitrososphaerales,f__Nitrosopumilaceae,g__Nitrosopelagicus,s__Nitrosopelagicus sp013390765
GCA_028702835.1,f,d__Archaea,p__Thermoplasmatota,c__Thermoplasmata,o__Methanomassiliicoccales,f__Methanomethylophilaceae,g__RumEn-M2,s__RumEn-M2 sp002506255
GCA_029785875.1,f,d__Archaea,p__Thermoproteota,c__Nitrososphaeria,o__Nitrososphaerales,f__UBA183,g__UBA183,s__UBA183 sp021827865
GCA_027886795.1,t,d__Archaea,p__Thermoproteota,c__Nitrososphaeria,o__Nitrososphaerales,f__CADDZS01,g__CADDZS01,s__CADDZS01 sp027886795
GCA_027340645.1,t,d__Archaea,p__Micrarchaeota,c__Micrarchaeia,o__Micrarchaeales,f__CABMGC01,g__JAJZOD01,s__JAJZOD01 sp027340645
GCA_028143885.1,f,d__Archaea,p__Thermoplasmatota,c__Poseidoniia,o__Poseidoniales,f__Poseidoniaceae,g__MGIIa-L1,s__MGIIa-L1 sp002506275
GCA_027330435.1,f,d__Archaea,p__Micrarchaeota,c__Micrarchaeia,o__Micrarchaeales,f__Micrarchaeaceae,g__JAJZAB01,s__JAJZAB01 sp021801905
GCF_013342135.1,f,d__Archaea,p__Halobacteriota,c__Halobacteria,o__Halobacteriales,f__Natrialbaceae,g__Haloterrigena,s__Haloterrigena gelatinilytica
GCA_029850475.1,f,d__Archaea,p__Thermoplasmatota,c__Thermoplasmata,o__Sysuiplasmatales,f__Sysuiplasmataceae,g__Sysuiplasma,s__Sysuiplasma acidicola
GCF_000246985.2,f,d__Archaea,p__Methanobacteriota_B,c__Thermococci,o__Thermococcales,f__Thermococcaceae,g__Thermococcus_A,s__Thermococcus_A litoralis
GCF_000493245.1,f,d__Archaea,p__Halobacteriota,c__Halobacteria,o__Halobacteriales,f__Natrialbaceae,g__Natrinema,s__Natrinema gari
GCA_018828865.1,f,d__Archaea,p__Nanoarchaeota,c__Nanoarchaeia,o__Woesearchaeales,f__GCA-2686295,g__GCA-2686295,s__GCA-2686295 sp018819065
GCA_946496635.1,f,d__Archaea,p__Thermoplasmatota,c__Thermoplasmata,o__Methanomassiliicoccales,f__Methanomassiliicoccaceae,g__Methanomassiliicoccus_A,s__Methanomassiliicoccus_A sp944319735
GCA_030627445.1,f,d__Archaea,p__Halobacteriota,c__Methanosarcinia,o__Methanotrichales,f__Methanotrichaceae,g__Methanocrinis,s__Methanocrinis harundinacea_A
GCA_018396875.1,t,d__Archaea,p__Thermoproteota,c__Bathyarchaeia,o__Bathyarchaeales,f__UBA233,g__DRVP01,s__DRVP01 sp018396875
GCA_013538795.1,f,d__Archaea,p__Thermoproteota,c__Nitrososphaeria,o__Nitrososphaerales,f__Nitrosocaldaceae,g__Nitrosothermus,s__Nitrosothermus koennekei
GCA_024256295.1,f,d__Archaea,p__Thermoproteota,c__Nitrososphaeria,o__Nitrososphaerales,f__JACAEJ01,g__HK02M2,s__HK02M2 sp024256285
GCA_029940695.1,t,d__Archaea,p__Thermoplasmatota,c__Poseidoniia,o__Poseidoniales,f__Thalassarchaeaceae,g__UBA36,s__UBA36 sp029940695
GCF_000265525.1,t,d__Archaea,p__Methanobacteriota_B,c__Thermococci,o__Thermococcales,f__Thermococcaceae,g__Thermococcus,s__Thermococcus cleftensis
GCA_028276685.1,f,d__Archaea,p__Thermoproteota,c__Thermoprotei,o__Thermofilales,f__Thermofilaceae,g__Thermofilum_C,s__Thermofilum_C sp020833575
GCA_030614485.1,t,d__Archaea,p__Halobacteriota,c__Methanosarcinia,o__Methanosarcinales,f__Methanocomedenaceae,g__QBUR01,s__QBUR01 sp030614485
GCA_015523245.1,f,d__Archaea,p__Methanobacteriota_B,c__Thermococci,o__Thermococcales,f__Thermococcaceae,g__Thermococcus,s__Thermococcus sp015520705
GCA_002499825.1,f,d__Archaea,p__Halobacteriota,c__Methanomicrobia,o__Methanomicrobiales,f__Methanospirillaceae,g__Methanolinea_A,s__Methanolinea_A sp002506105
GCA_027370595.1,f,d__Archaea,p__Nanoarchaeota,c__Nanoarchaeia,o__Parvarchaeales,f__Parvarchaeaceae,g__JAJYZA01,s__JAJYZA01 sp021852265
GCF_900102375.1,t,d__Archaea,p__Halobacteriota,c__Halobacteria,o__Halobacteriales,f__Haloferacaceae,g__Halorubrum,s__Halorubrum xinjiangense
GCA_945498915.1,f,d__Archaea,p__Thermoplasmatota,c__Thermoplasmata,o__Methanomassiliicoccales,f__Methanomethylophilaceae,g__Methanomethylophilus,s__Methanomethylophilus alvus
GCA_027028545.1,t,d__Archaea,p__Thermoproteota,c__Thermoprotei_A,o__Sulfolobales,f__Desulfurococcaceae,g__JALVIT01,s__JALVIT01 sp027028545
GCA_017608555.1,f,d__Archaea,p__Nanoarchaeota,c__Nanoarchaeia,o__Pacearchaeales,f__GW2011-AR1,g__JAFCEY01,s__JAFCEY01 sp017608945
GCA_902757435.1,f,d__Archaea,p__Methanobacteriota,c__Methanobacteria,o__Methanobacteriales,f__Methanobacteriaceae,g__Methanobrevibacter_A,s__Methanobrevibacter_A sp900314695
GCA_002494565.1,f,d__Archaea,p__Thermoproteota,c__Nitrososphaeria,o__Nitrososphaerales,f__UBA57,g__UBA57,s__UBA57 sp002494565
GCA_018658265.1,t,d__Archaea,p__Nanoarchaeota,c__Nanoarchaeia,o__SCGC-AAA011-G17,f__UBA489,g__JABIKK01,s__JABIKK01 sp018658265
GCA_018303445.1,t,d__Archaea,p__Nanoarchaeota,c__Nanoarchaeia,o__Woesearchaeales,f__GW2011-AR9,g__JAGVYE01,s__JAGVYE01 sp018303445
GCA_001629165.1,f,d__Archaea,p__Thermoplasmatota,c__Poseidoniia,o__Poseidoniales,f__Thalassarchaeaceae,g__UBA36,s__UBA36 sp002725315
GCA_025059545.1,t,d__Archaea,p__Halobacteriota,c__Archaeoglobi,o__Archaeoglobales,f__Archaeoglobaceae,g__WYZ-LMO2,s__WYZ-LMO2 sp025059545
GCA_030753015.1,t,d__Archaea,p__SpSt-1190,c__SpSt-1190,o__JASMDC01,f__JASMDC01,g__JASMDC01,s__JASMDC01 sp030753015
GCA_003552325.1,t,d__Archaea,p__Halobacteriota,c__Halobacteria,o__Halobacteriales,f__Natrialbaceae,g__Tc-Br11,s__Tc-Br11 sp003552325
GCA_014361455.1,t,d__Archaea,p__Thermoproteota,c__Methanomethylicia,o__Methanomethylicales,f__Methanomethylicaceae,g__Methanosuratincola,s__Methanosuratincola sp014361455
GCA_027327065.1,f,d__Archaea,p__Micrarchaeota,c__Micrarchaeia,o__Micrarchaeales,f__Micrarchaeaceae,g__JAJYXL01,s__JAJYXL01 sp021801785
GCF_001315965.1,f,d__Archaea,p__Halobacteriota,c__Methanomicrobia,o__Methanomicrobiales,f__Methanoculleaceae,g__Methanoculleus,s__Methanoculleus chikugoensis
GCA_030743175.1,f,d__Archaea,p__Thermoplasmatota,c__Poseidoniia,o__Poseidoniales,f__Poseidoniaceae,g__MGIIa-L1,s__MGIIa-L1 sp8160u
GCA_028708135.1,f,d__Archaea,p__Iainarchaeota,c__Iainarchaeia,o__CSSED10-239,f__CSSED10-239,g__Forterrea,s__Forterrea sp023230325
GCA_017609585.1,f,d__Archaea,p__Nanoarchaeota,c__Nanoarchaeia,o__Woesearchaeales,f__CG1-02-33-12,g__CG1-02-33-12,s__CG1-02-33-12 sp017609385
GCA_002711985.1,f,d__Archaea,p__Thermoplasmatota,c__Poseidoniia,o__Poseidoniales,f__Thalassarchaeaceae,g__MGIIb-O5,s__MGIIb-O5 sp002718995
GCA_027460535.1,t,d__Archaea,p__Halobacteriota,c__Methanosarcinia,o__Methanosarcinales,f__Methanoperedenaceae,g__Methanoperedens,s__Methanoperedens sp027460535
GCA_018666965.1,f,d__Archaea,p__Thermoplasmatota,c__Poseidoniia,o__Poseidoniales,f__Poseidoniaceae,g__Poseidonia,s__Poseidonia sp018662715
GCA_018920345.1,t,d__Archaea,p__Aenigmatarchaeota,c__Aenigmatarchaeia,o__CG10238-14,f__CG10238-14,g__JAHLMN01,s__JAHLMN01 sp018920345
GCA_030704765.1,t,d__Archaea,p__Nanoarchaeota,c__Nanoarchaeia,o__Pacearchaeales,f__GW2011-AR1,g__CABMGE01,s__CABMGE01 sp030704765
GCA_928722215.1,f,d__Archaea,p__Methanobacteriota,c__Methanobacteria,o__Methanobacteriales,f__Methanobacteriaceae,g__Methanobrevibacter_A,s__Methanobrevibacter_A smithii
GCA_002504435.1,t,d__Archaea,p__Thermoplasmatota,c__Poseidoniia,o__Poseidoniales,f__Thalassarchaeaceae,g__MGIIb-O5,s__MGIIb-O5 sp002504435
GCA_937888295.1,f,d__Archaea,p__Halobacteriota,c__Syntropharchaeia,o__Alkanophagales,f__Methanospirareceae,g__ANME1a,s__ANME1a sp003194425
GCF_001560675.1,f,d__Archaea,p__Thermoproteota,c__Thermoprotei_A,o__Sulfolobales,f__Sulfolobaceae,g__Sulfolobus,s__Sulfolobus acidocaldarius
GCA_029985635.1,f,d__Archaea,p__Halobacteriota,c__Methanomicrobia,o__Methanomicrobiales,f__Methanocorpusculaceae,g__Methanocorpusculum,s__Methanocorpusculum faecipullorum
GCA_026414405.1,f,d__Archaea,p__Thermoproteota,c__Methanomethylicia,o__Nezhaarchaeales,f__WYZ-LMO8,g__WYZ-LMO8,s__WYZ-LMO8 sp025059375
GCA_030695605.1,t,d__Archaea,p__Nanoarchaeota,c__Nanoarchaeia,o__Woesearchaeales,f__GW2011-AR9,g__JAUYQE01,s__JAUYQE01 sp030695605
GCA_014730125.1,f,d__Archaea,p__Asgardarchaeota,c__Lokiarchaeia,o__Sigynarchaeales,f__SOKP01,g__TEKIR-8,s__TEKIR-8 sp014730165
GCA_030046485.1,f,d__Archaea,p__Thermoplasmatota,c__Thermoplasmata,o__UBA184,f__UBA184,g__UBA184,s__UBA184 sp030037035
GCF_002214365.1,t,d__Archaea,p__Methanobacteriota_B,c__Thermococci,o__Thermococcales,f__Thermococcaceae,g__Thermococcus,s__Thermococcus celer
GCA_028715545.1,t,d__Archaea,p__Halobacteriota,c__UBA148,o__UBA148,f__UBA148,g__UBA148,s__UBA148 sp028715545
GCA_029985985.1,f,d__Archaea,p__Halobacteriota,c__Methanomicrobia,o__Methanomicrobiales,f__Methanocorpusculaceae,g__Methanocorpusculum,s__Methanocorpusculum faecipullorum
GCA_027377035.1,f,d__Archaea,p__Thermoplasmatota,c__Thermoplasmata,o__UBA184,f__UBA184,g__UBA184,s__UBA184 sp021791335
GCA_027377875.1,f,d__Archaea,p__Thermoplasmatota,c__Thermoplasmata,o__UBA184,f__UBA184,g__UBA184,s__UBA184 sp021826685
GCA_028866575.1,t,d__Archaea,p__Micrarchaeota,c__Micrarchaeia,o__Micrarchaeales,f__Micrarchaeaceae,g__UBA12276,s__UBA12276 sp028866575
GCA_018654845.1,t,d__Archaea,p__Thermoplasmatota,c__Poseidoniia,o__Poseidoniales,f__Thalassarchaeaceae,g__MGIIb-O2,s__MGIIb-O2 sp002499785
GCA_943840935.1,f,d__Archaea,p__Thermoplasmatota,c__Poseidoniia,o__Poseidoniales,f__Poseidoniaceae,g__MGIIa-L1,s__MGIIa-L1 sp002502605
GCA_023140035.1,t,d__Archaea,p__Thermoplasmatota,c__E2,o__DHVEG-1,f__DHVEG-1,g__JAGLML01,s__JAGLML01 sp023140035
GCA_027380135.1,f,d__Archaea,p__Thermoplasmatota,c__Thermoplasmata,o__Thermoplasmatales,f__Thermoplasmataceae,g__JACWAH01,s__JACWAH01 sp021818715
GCA_024720855.1,f,d__Archaea,p__Thermoproteota,c__JANJXX01,o__Panguiarchaeales,f__Panguiarchaeaceae,g__Panguiarchaeum,s__Panguiarchaeum symbiosum
GCA_027448445.1,f,d__Archaea,p__Nanoarchaeota,c__Nanoarchaeia,o__Parvarchaeales,f__Parvarchaeaceae,g__Parvarchaeum,s__Parvarchaeum sp021802505
GCA_028709645.1,f,d__Archaea,p__Methanobacteriota,c__Methanobacteria,o__Methanobacteriales,f__Methanobacteriaceae,g__Methanobacterium,s__Methanobacterium formicicum
GCA_030747785.1,t,d__Archaea,p__Thermoplasmatota,c__Poseidoniia,o__Poseidoniales,f__Poseidoniaceae,g__MGIIa-K1,s__MGIIa-K1 sp030747785
GCA_012729995.1,f,d__Archaea,p__Halobacteriota,c__Methanomicrobia,o__Methanomicrobiales,f__Methanospirillaceae,g__Methanospirillum,s__Methanospirillum sp012729995
GCA_005888795.1,f,d__Archaea,p__Thermoproteota,c__Bathyarchaeia,o__40CM-2-53-6,f__40CM-2-53-6,g__BA-19,s__BA-19 sp005888735
GCA_024399215.1,t,d__Archaea,p__Thermoplasmatota,c__Thermoplasmata,o__Methanomassiliicoccales,f__Methanomethylophilaceae,g__JAKSHX01,s__JAKSHX01 sp024399215
GCA_019894655.1,t,d__Archaea,p__Asgardarchaeota,c__Lokiarchaeia,o__Sigynarchaeales,f__SOKP01,g__SOKP01,s__SOKP01 sp019894655
GCA_018656625.1,f,d__Archaea,p__Iainarchaeota,c__Iainarchaeia,o__Iainarchaeales,f__JAAZKV01,g__JABIDZ01,s__JABIDZ01 sp018651445
GCA_017609005.1,f,d__Archaea,p__Nanoarchaeota,c__Nanoarchaeia,o__Woesearchaeales,f__CG1-02-33-12,g__CG1-02-33-12,s__CG1-02-33-12 sp017609385
GCA_028708905.1,f,d__Archaea,p__Thermoplasmatota,c__Thermoplasmata,o__Methanomassiliicoccales,f__Methanomethylophilaceae,g__Methanomethylophilus,s__Methanomethylophilus sp002495325
GCA_027373465.1,f,d__Archaea,p__Thermoplasmatota,c__Thermoplasmata,o__Thermoplasmatales,f__Thermoplasmataceae,g__JAJZOT01,s__JAJZOT01 sp021820245
GCF_013267195.1,t,d__Archaea,p__Halobacteriota,c__Halobacteria,o__Halobacteriales,f__Haloferacaceae,g__Halorubrum,s__Halorubrum salinarum
GCA_027351885.1,f,d__Archaea,p__Micrarchaeota,c__Micrarchaeia,o__Micrarchaeales,f__Micrarchaeaceae,g__JAJZVQ01,s__JAJZVQ01 sp021845575
GCA_002509125.1,f,d__Archaea,p__Methanobacteriota,c__Methanobacteria,o__Methanobacteriales,f__Methanobacteriaceae,g__Methanosphaera,s__Methanosphaera sp11921u
GCF_000970145.1,f,d__Archaea,p__Halobacteriota,c__Methanosarcinia,o__Methanosarcinales,f__Methanosarcinaceae,g__Methanosarcina,s__Methanosarcina siciliae
GCA_021792775.1,t,d__Archaea,p__Micrarchaeota,c__Micrarchaeia,o__Micrarchaeales,f__Micrarchaeaceae,g__JAJYXL01,s__JAJYXL01 sp021792775
GCA_013331435.1,f,d__Archaea,p__Thermoproteota,c__Nitrososphaeria,o__Nitrososphaerales,f__Nitrosopumilaceae,g__Nitrosotenuis,s__Nitrosotenuis sp002499525
GCA_025920365.1,f,d__Archaea,p__Nanoarchaeota,c__Nanoarchaeia,o__Parvarchaeales,f__Parvarchaeaceae,g__Rehaiarchaeum,s__Rehaiarchaeum fermentans
GCA_027491935.1,t,d__Archaea,p__Thermoproteota,c__Korarchaeia,o__Korarchaeales,f__JAOZGB01,g__JAOZGB01,s__JAOZGB01 sp027491935
GCA_027336545.1,f,d__Archaea,p__Micrarchaeota,c__Micrarchaeia,o__Micrarchaeales,f__Micrarchaeaceae,g__Micrarchaeum_A,s__Micrarchaeum_A acidiphilum_A
GCA_021832825.1,f,d__Archaea,p__Thermoplasmatota,c__Thermoplasmata,o__Thermoplasmatales,f__Thermoplasmataceae,g__Cuniculiplasma,s__Cuniculiplasma divulgatum
GCF_001639285.1,t,d__Archaea,p__Methanobacteriota,c__Methanobacteria,o__Methanobacteriales,f__Methanobacteriaceae,g__Methanobrevibacter_C,s__Methanobrevibacter_C cuticularis
GCA_902591065.1,f,d__Archaea,p__Thermoproteota,c__Nitrososphaeria,o__Nitrososphaerales,f__Nitrosopumilaceae,g__Nitrosopelagicus,s__Nitrosopelagicus brevis
GCA_002502925.1,f,d__Archaea,p__Thermoplasmatota,c__Thermoplasmata,o__Methanomassiliicoccales,f__Methanomethylophilaceae,g__VadinCA11,s__VadinCA11 sp002498365
GCA_004212145.1,f,d__Archaea,p__Thermoproteota,c__Methanomethylicia,o__Methanomethylicales,f__Methanomethylicaceae,g__WYZ-LMO11,s__WYZ-LMO11 sp004348015
GCA_016219835.1,t,d__Archaea,p__Nanoarchaeota,c__Nanoarchaeia,o__Woesearchaeales,f__JACRKL01,g__JACRKL01,s__JACRKL01 sp016219835
GCA_002693905.2,f,d__Archaea,p__Thermoplasmatota,c__Poseidoniia,o__Poseidoniales,f__Thalassarchaeaceae,g__UBA36,s__UBA36 sp002716085
GCA_030046055.1,f,d__Archaea,p__Thermoplasmatota,c__Thermoplasmata,o__UBA184,f__UBA184,g__UBA184,s__UBA184 sp030039995
GCA_009995015.1,f,d__Archaea,p__Aenigmatarchaeota,c__Aenigmatarchaeia,o__CG10238-14,f__CG10238-14,g__CG10238-14,s__CG10238-14 sp002789635
GCA_018396975.1,t,d__Archaea,p__Thermoproteota,c__Bathyarchaeia,o__Bathyarchaeales,f__B26-1,g__DTEX01,s__DTEX01 sp018396975
GCA_021835385.1,f,d__Archaea,p__Micrarchaeota,c__Micrarchaeia,o__Micrarchaeales,f__CABMGC01,g__JAJZOD01,s__JAJZOD01 sp021801225
GCA_027379995.1,f,d__Archaea,p__Thermoplasmatota,c__Thermoplasmata,o__Thermoplasmatales,f__Thermoplasmataceae,g__JAMDBT01,s__JAMDBT01 sp023487205
GCF_006274605.1,t,d__Archaea,p__Methanobacteriota_B,c__Thermococci,o__Thermococcales,f__Thermococcaceae,g__Thermococcus,s__Thermococcus indicus
GCF_001602375.1,t,d__Archaea,p__Halobacteriota,c__Methanomicrobia,o__Methanomicrobiales,f__Methanoculleaceae,g__Methanoculleus,s__Methanoculleus horonobensis
GCA_017608625.1,t,d__Archaea,p__Nanoarchaeota,c__Nanoarchaeia,o__Woesearchaeales,f__JAFCFN01,g__JAFCFN01,s__JAFCFN01 sp017608625
GCA_022759185.1,f,d__Archaea,p__Thermoproteota,c__EX4484-205,o__EX4484-205,f__JAAOZO01,g__JAAOZO01,s__JAAOZO01 sp011605715
GCA_021845245.1,f,d__Archaea,p__Nanoarchaeota,c__Nanoarchaeia,o__Woesearchaeales,f__UBA9642,g__UBA9642,s__UBA9642 sp021813435
GCF_023008545.1,t,d__Archaea,p__Halobacteriota,c__Halobacteria,o__Halobacteriales,f__Natrialbaceae,g__Natribaculum,s__Natribaculum luteum
GCA_025061115.1,t,d__Archaea,p__Thermoproteota,c__Methanomethylicia,o__Culexarchaeales,f__Culexmicrobiaceae,g__Culexmicrobium,s__Culexmicrobium cathedralense
GCA_027051275.1,f,d__Archaea,p__EX4484-52,c__EX4484-52,o__EX4484-52,f__JAADEF01,g__WAOB01,s__WAOB01 sp015521505
GCA_002497985.1,t,d__Archaea,p__Thermoplasmatota,c__Poseidoniia,o__Poseidoniales,f__Thalassarchaeaceae,g__MGIIb-O5,s__MGIIb-O5 sp002497985
GCF_001560275.1,f,d__Archaea,p__Thermoproteota,c__Thermoprotei_A,o__Sulfolobales,f__Sulfolobaceae,g__Sulfolobus,s__Sulfolobus acidocaldarius
GCA_027057815.1,t,d__Archaea,p__Thermoproteota,c__Thermoprotei_A,o__Sulfolobales,f__Acidilobaceae,g__JALURD01,s__JALURD01 sp027057815
GCA_018813725.1,t,d__Archaea,p__Nanoarchaeota,c__Nanoarchaeia,o__Woesearchaeales,f__JAHJBD01,g__JAHJBD01,s__JAHJBD01 sp018813725
GCA_027315945.1,f,d__Archaea,p__Thermoplasmatota,c__Thermoplasmata,o__UBA184,f__UBA184,g__JAKIVR01,s__JAKIVR01 sp021828665
GCA_028279725.1,t,d__Archaea,p__Nanoarchaeota,c__Nanoarchaeia,o__Woesearchaeales,f__JANQNQ01,g__JANQNQ01,s__JANQNQ01 sp028279725
GCA_030651635.1,f,d__Archaea,p__Methanobacteriota,c__Methanobacteria,o__Methanobacteriales,f__Methanobacteriaceae,g__UBA349,s__UBA349 sp002509745
GCF_014647095.1,f,d__Archaea,p__Halobacteriota,c__Halobacteria,o__Halobacteriales,f__Haloarculaceae,g__Haloarcula,s__Haloarcula argentinensis
GCA_012521495.1,f,d__Archaea,p__Halobacteriota,c__Methanomicrobia,o__Methanomicrobiales,f__Methanoculleaceae,g__Methanoculleus,s__Methanoculleus thermohydrogenotrophicum
GCA_902757685.1,f,d__Archaea,p__Methanobacteriota,c__Methanobacteria,o__Methanobacteriales,f__Methanobacteriaceae,g__Methanobrevibacter_A,s__Methanobrevibacter_A sp900320515
GCF_902791535.1,f,d__Archaea,p__Methanobacteriota,c__Methanobacteria,o__Methanobacteriales,f__Methanobacteriaceae,g__Methanobrevibacter_A,s__Methanobrevibacter_A sp900314695
GCA_002497395.1,f,d__Archaea,p__Methanobacteriota,c__Methanobacteria,o__Methanobacteriales,f__Methanobacteriaceae,g__Methanobacterium_C,s__Methanobacterium_C sp002498385
GCA_027373635.1,f,d__Archaea,p__Thermoplasmatota,c__Thermoplasmata,o__Thermoplasmatales,f__GCA-001856825,g__GCA-001856825,s__GCA-001856825 sp001856825
GCA_949295765.1,t,d__Archaea,p__Thermoplasmatota,c__Thermoplasmata,o__Methanomassiliicoccales,f__Methanomethylophilaceae,g__UBA71,s__UBA71 sp949295765
GCF_003383085.1,f,d__Archaea,p__Halobacteriota,c__Halobacteria,o__Halobacteriales,f__Haloferacaceae,g__Haloferax,s__Haloferax prahovense
GCF_023204835.1,t,d__Archaea,p__Halobacteriota,c__Halobacteria,o__Halobacteriales,f__Salinarchaeaceae,g__Salinarchaeum,s__Salinarchaeum laminariae
GCA_030747995.1,f,d__Archaea,p__Thermoplasmatota,c__Poseidoniia,o__Poseidoniales,f__Poseidoniaceae,g__MGIIa-L2,s__MGIIa-L2 sp002499195
GCA_027375515.1,f,d__Archaea,p__Thermoplasmatota,c__Thermoplasmata,o__Thermoplasmatales,f__Thermoplasmataceae,g__Ferroplasma,s__Ferroplasma acidarmanus
GCA_027364055.1,f,d__Archaea,p__Micrarchaeota,c__Micrarchaeia,o__Micrarchaeales,f__CABMGC01,g__JAJYVH01,s__JAJYVH01 sp021818925
GCF_000970305.1,t,d__Archaea,p__Halobacteriota,c__Methanosarcinia,o__Methanosarcinales,f__Methanosarcinaceae,g__Methanosarcina,s__Methanosarcina barkeri_A
GCA_017883565.1,f,d__Archaea,p__Methanobacteriota,c__Methanobacteria,o__Methanobacteriales,f__Methanobacteriaceae,g__Methanobacterium_B,s__Methanobacterium_B sp000744455
GCA_027007975.1,f,d__Archaea,p__Micrarchaeota,c__Micrarchaeia,o__Norongarragalinales,f__WALN01,g__WALN01,s__WALN01 sp015522865
GCA_023379195.1,f,d__Archaea,p__Thermoplasmatota,c__Thermoplasmata,o__Thermoplasmatales,f__Thermoplasmataceae,g__Cuniculiplasma,s__Cuniculiplasma divulgatum
GCA_028439745.1,f,d__Archaea,p__Thermoproteota,c__Nitrososphaeria,o__Nitrososphaerales,f__Nitrosopumilaceae,g__Nitrosopumilus,s__Nitrosopumilus limneticus
GCA_027376135.1,f,d__Archaea,p__Thermoplasmatota,c__Thermoplasmata,o__UBA184,f__UBA184,g__JAJYEA01,s__JAJYEA01 sp021809545
GCA_027367415.1,f,d__Archaea,p__Thermoplasmatota,c__Thermoplasmata,o__Thermoplasmatales,f__Thermoplasmataceae,g__Cuniculiplasma,s__Cuniculiplasma sp021816745
GCA_003838065.1,t,d__Archaea,p__Halobacteriota,c__Methanomicrobia,o__Methanomicrobiales,f__Methanocorpusculaceae,g__Methanocalculus,s__Methanocalculus sp003838065
GCA_014729915.1,t,d__Archaea,p__Nanoarchaeota,c__Nanoarchaeia,o__Woesearchaeales,f__GW2011-AR15,g__WJJD01,s__WJJD01 sp014729915
GCA_903914545.1,f,d__Archaea,p__Micrarchaeota,c__Micrarchaeia,o__Fermentimicrarchaeales,f__Fermentimicrarchaeaceae,g__CAISET01,s__CAISET01 sp903884505
GCF_000217715.1,t,d__Archaea,p__Halobacteriota,c__Halobacteria,o__Halobacteriales,f__Natrialbaceae,g__Halopiger,s__Halopiger xanaduensis
GCA_016839875.1,t,d__Archaea,p__Asgardarchaeota,c__Heimdallarchaeia,o__Heimdallarchaeales,f__Heimdallarchaeaceae,g__UBA460,s__UBA460 sp016839875
GCA_028279655.1,t,d__Archaea,p__Nanoarchaeota,c__Nanoarchaeia,o__Woesearchaeales,f__JACPBV01,g__JAHWHQ01,s__JAHWHQ01 sp028279655
GCF_015351695.1,f,d__Archaea,p__Methanobacteriota,c__Methanobacteria,o__Methanobacteriales,f__Methanobacteriaceae,g__Methanobacterium,s__Methanobacterium formicicum
GCA_030539535.1,f,d__Archaea,p__Methanobacteriota,c__Methanobacteria,o__Methanobacteriales,f__Methanobacteriaceae,g__Methanobrevibacter_A,s__Methanobrevibacter_A smithii
GCA_027336305.1,f,d__Archaea,p__Micrarchaeota,c__Micrarchaeia,o__Micrarchaeales,f__CABMGC01,g__JAJZIZ01,s__JAJZIZ01 sp021829835
GCA_027370195.1,f,d__Archaea,p__Nanoarchaeota,c__Nanoarchaeia,o__Parvarchaeales,f__Parvarchaeaceae,g__JAJZLM01,s__JAJZLM01 sp021802105
GCF_009729545.1,t,d__Archaea,p__Thermoproteota,c__Thermoprotei_A,o__Sulfolobales,f__Sulfolobaceae,g__Acidianus,s__Acidianus infernus
GCA_937974645.1,t,d__Archaea,p__Thermoproteota,c__Nitrososphaeria_A,o__Caldarchaeales,f__Wolframiiraptoraceae,g__Wolframiiraptor,s__Wolframiiraptor sp937974645
GCA_002497365.1,f,d__Archaea,p__Methanobacteriota,c__Methanobacteria,o__Methanobacteriales,f__Methanobacteriaceae,g__Methanobacterium_A,s__Methanobacterium_A sp002494495
GCA_018676015.1,f,d__Archaea,p__Thermoplasmatota,c__Poseidoniia,o__Poseidoniales,f__Poseidoniaceae,g__MGIIa-L1,s__MGIIa-L1 sp018662825
GCA_023539655.1,f,d__Archaea,p__Thermoproteota,c__Nitrososphaeria_A,o__Caldarchaeales,f__Wolframiiraptoraceae,g__Terraquivivens,s__Terraquivivens yellowstonensis
GCA_028439635.1,f,d__Archaea,p__Thermoproteota,c__Nitrososphaeria,o__Nitrososphaerales,f__Nitrosopumilaceae,g__Nitrosopumilus,s__Nitrosopumilus limneticus
GCA_023245755.1,t,d__Archaea,p__Nanoarchaeota,c__Nanoarchaeia,o__SCGC-AAA011-G17,f__GW2011-AR17,g__GW2011-AR17,s__GW2011-AR17 sp023245755
GCA_002720275.1,t,d__Archaea,p__Thermoplasmatota,c__Poseidoniia,o__Poseidoniales,f__Poseidoniaceae,g__MGIIa-I,s__MGIIa-I sp002720275
GCA_023659865.1,t,d__Archaea,p__B1Sed10-29,c__B1Sed10-29,o__WALL01,f__JAGXON01,g__JAGXON01,s__JAGXON01 sp023659865
GCA_028413265.1,f,d__Archaea,p__Thermoproteota,c__Nitrososphaeria,o__Nitrososphaerales,f__Nitrosopumilaceae,g__Nitrosopumilus,s__Nitrosopumilus sp937897875
GCA_016933455.1,t,d__Archaea,p__Aenigmatarchaeota,c__Aenigmatarchaeia,o__Aenigmatarchaeales,f__Aenigmatarchaeaceae,g__JAFGAZ01,s__JAFGAZ01 sp016933455
GCA_016839295.1,f,d__Archaea,p__Asgardarchaeota,c__Heimdallarchaeia,o__Hodarchaeales,f__Hodarchaeaceae,g__Hodarchaeum,s__Hodarchaeum sp011364965
GCF_001971705.1,t,d__Archaea,p__Halobacteriota,c__Halobacteria,o__Halobacteriales,f__Natrialbaceae,g__Natronorubrum,s__Natronorubrum daqingense
GCA_013330515.1,f,d__Archaea,p__Halobacteriota,c__Methanosarcinia,o__Methanosarcinales_A,f__Methermicoccaceae,g__Methermicoccus,s__Methermicoccus shengliensis
GCA_030055465.1,t,d__Archaea,p__Thermoproteota,c__Methanomethylicia,o__Nezhaarchaeales,f__WYZ-LMO8,g__WYZ-LMO8,s__WYZ-LMO8 sp030055465
GCA_018816725.1,f,d__Archaea,p__Nanoarchaeota,c__Nanoarchaeia,o__Woesearchaeales,f__JACPBV01,g__JAHJAV01,s__JAHJAV01 sp018813685
GCF_005435195.1,f,d__Archaea,p__Halobacteriota,c__Halobacteria,o__Halobacteriales,f__Haloferacaceae,g__Halorubrum,s__Halorubrum sodomense
GCA_027339025.1,f,d__Archaea,p__Thermoplasmatota,c__Thermoplasmata,o__Thermoplasmatales,f__Thermoplasmataceae,g__JAKAFX01,s__JAKAFX01 sp021785735
GCA_002497245.1,t,d__Archaea,p__Thermoplasmatota,c__Poseidoniia,o__Poseidoniales,f__Thalassarchaeaceae,g__MGIIb-O2,s__MGIIb-O2 sp002497245
GCA_002686295.1,t,d__Archaea,p__Nanoarchaeota,c__Nanoarchaeia,o__Woesearchaeales,f__GCA-2686295,g__GCA-2686295,s__GCA-2686295 sp002686295
GCA_027375695.1,f,d__Archaea,p__Thermoplasmatota,c__Thermoplasmata,o__Thermoplasmatales,f__Thermoplasmataceae,g__Ferroplasma,s__Ferroplasma sp021797735
GCA_027346825.1,f,d__Archaea,p__Micrarchaeota,c__Micrarchaeia,o__JAKAKT01,f__JAKAKT01,g__JAKAKT01,s__JAKAKT01 sp021813385
GCA_027369675.1,f,d__Archaea,p__Nanoarchaeota,c__Nanoarchaeia,o__Parvarchaeales,f__Parvarchaeaceae,g__Parvarchaeum,s__Parvarchaeum sp021817165
GCA_002505195.1,f,d__Archaea,p__Thermoplasmatota,c__Thermoplasmata,o__Thermoplasmatales,f__Thermoplasmataceae,g__Cuniculiplasma,s__Cuniculiplasma divulgatum
GCA_014361345.1,f,d__Archaea,p__Methanobacteriota,c__Methanobacteria,o__Methanobacteriales,f__DSM-23052,g__Methanothermobacter_A,s__Methanothermobacter_A sp001507955
GCF_009856455.1,f,d__Archaea,p__Halobacteriota,c__Halobacteria,o__Halobacteriales,f__Haloferacaceae,g__Halorubrum,s__Halorubrum distributum
GCA_021160905.1,f,d__Archaea,p__Thermoproteota,c__Thermoprotei,o__Thermofilales,f__B20-G17,g__B67-G16,s__B67-G16 sp003650675
GCF_022779995.1,f,d__Archaea,p__Methanobacteriota,c__Methanobacteria,o__Methanobacteriales,f__Methanobacteriaceae,g__Methanobrevibacter_B,s__Methanobrevibacter_B boviskoreani
GCF_000308215.1,t,d__Archaea,p__Thermoplasmatota,c__Thermoplasmata,o__Methanomassiliicoccales,f__Methanomassiliicoccaceae,g__Methanomassiliicoccus,s__Methanomassiliicoccus luminyensis
GCF_938048705.1,f,d__Archaea,p__Methanobacteriota,c__Methanobacteria,o__Methanobacteriales,f__Methanobacteriaceae,g__Methanobrevibacter_A,s__Methanobrevibacter_A woesei
GCA_013330265.1,f,d__Archaea,p__Thermoplasmatota,c__Poseidoniia,o__Poseidoniales,f__Thalassarchaeaceae,g__MGIIb-O5,s__MGIIb-O5 sp002730095
GCA_002506105.1,t,d__Archaea,p__Halobacteriota,c__Methanomicrobia,o__Methanomicrobiales,f__Methanospirillaceae,g__Methanolinea_A,s__Methanolinea_A sp002506105
GCA_003023785.1,t,d__Archaea,p__Halobacteriota,c__Halobacteria,o__Halobacteriales,f__Haloarculaceae,g__QS-5-68-33,s__QS-5-68-33 sp003023785
GCA_027370515.1,f,d__Archaea,p__Nanoarchaeota,c__Nanoarchaeia,o__Parvarchaeales,f__Parvarchaeaceae,g__JAJYZA01,s__JAJYZA01 sp021852265
GCF_003992375.1,f,d__Archaea,p__Halobacteriota,c__Halobacteria,o__Halobacteriales,f__Haloarculaceae,g__Halomicrobium,s__Halomicrobium mukohataei
GCA_002505735.1,f,d__Archaea,p__Thermoplasmatota,c__Thermoplasmata,o__Methanomassiliicoccales,f__Methanomethylophilaceae,g__RumEn-M2,s__RumEn-M2 sp001421175
GCF_000979115.1,f,d__Archaea,p__Halobacteriota,c__Methanosarcinia,o__Methanosarcinales,f__Methanosarcinaceae,g__Methanosarcina,s__Methanosarcina mazei
GCA_003019345.1,f,d__Archaea,p__Thermoproteota,c__Thermoprotei_A,o__Marsarchaeales,f__Marsarchaeaceae,g__ECH-B-1,s__ECH-B-1 sp003019535
GCA_026413885.1,t,d__Archaea,p__Thermoproteota,c__Thermoprotei_A,o__Sulfolobales,f__NBVN01,g__DRZP01,s__DRZP01 sp026413885
GCA_027329365.1,f,d__Archaea,p__Micrarchaeota,c__Micrarchaeia,o__Micrarchaeales,f__Micrarchaeaceae,g__JAJYXL01,s__JAJYXL01 sp021801785
GCA_027370775.1,f,d__Archaea,p__Nanoarchaeota,c__Nanoarchaeia,o__Parvarchaeales,f__Parvarchaeaceae,g__JAJYZA01,s__JAJYZA01 sp021852265
GCA_018260675.1,f,d__Archaea,p__Altiarchaeota,c__Altiarchaeia,o__Altiarchaeales,f__Altiarchaeaceae,g__Altiarchaeum,s__Altiarchaeum sp018260755
GCA_002010065.2,t,d__Archaea,p__Hydrothermarchaeota,c__Hydrothermarchaeia,o__Hydrothermarchaeales,f__BMS3B,g__Pyrohabitans,s__Pyrohabitans jungbluthii
GCA_027250655.1,f,d__Archaea,p__Thermoplasmatota,c__Poseidoniia,o__Poseidoniales,f__Thalassarchaeaceae,g__MGIIb-O5,s__MGIIb-O5 sp002718995
